Ex,Ey,Ez,U2,ratio_signal,ratio_lost,loading_signal,trapped_signal,lost_signal,time_cost
-0.319208259,0.0747819428,0.0791809422,-0.18,,,,,,
-0.25351053,0.0136944488,0.0176169489,-0.18,,,,,,
-0.262092714,0.0110483481,-0.066820237,-0.3,,,,,,
-0.257059097,-0.086441569,-0.050002049,-0.3,,,,,,
-0.222328659,0.0561505226,0.0396849164,-0.1,,,,,,
-0.071937792,0.1927602984,-0.038112176,-0.18,,,,,,
-0.316583147,0.194580712,0.0128432809,-0.1,,,,,,
-0.153555377,0.0187231852,-0.078142021,-0.1,,,,,,
-0.32639398,-0.040990788,-0.009294104,-0.3,,,,,,
0.020731027,0.0870100131,-0.018781607,-0.13,,,,,,
-0.331357801,-0.049282258,-0.052047472,-0.13,,,,,,
-0.076103968,-0.043075611,-0.056028758,-0.3,,,,,,
-0.219774796,0.1202263025,0.0366921662,-0.3,,,,,,
-0.055563834,0.043359269,0.0710950161,-0.13,,,,,,
-0.074397066,0.0863997471,0.0450324652,-0.13,,,,,,
-0.164161364,-0.087422101,0.0628913644,-0.24,,,,,,
0.0351460666,0.1767660825,0.0486518047,-0.13,,,,,,
-0.141766095,0.0972405403,-0.072596149,-0.18,,,,,,
-0.284229551,0.0573066661,-0.014659172,-0.24,,,,,,
-0.276642778,-0.082638653,-0.078952059,-0.3,,,,,,
-0.198653659,0.1699218458,-0.066834851,-0.13,,,,,,
-0.204088686,0.0397644492,-0.060994405,-0.24,,,,,,
-0.249873553,0.0467543042,0.0751285134,-0.13,,,,,,
-0.118573936,0.1285300295,0.0485181623,-0.1,,,,,,
-0.349822335,0.0438458893,0.0539473672,-0.18,,,,,,
-0.277479184,-0.073888124,0.0190887477,-0.24,,,,,,
-0.004342686,0.0927856542,0.003653162,-0.3,,,,,,
-0.091998304,0.106950531,0.0550178387,-0.3,,,,,,
-0.270732899,-0.010634707,-0.009167714,-0.24,,,,,,
-0.188678406,0.1170698077,-0.000599498,-0.3,,,,,,
-0.081727393,0.023362098,0.053786881,-0.18,,,,,,
-0.307764485,0.1177775454,-0.020005299,-0.18,,,,,,
-0.006218179,0.1791147264,-0.049290074,-0.24,,,,,,
-0.163992223,0.1740989666,0.013708328,-0.24,,,,,,
-0.140819443,-0.07049811,0.0130499714,-0.3,,,,,,
-0.097870862,-0.035481852,0.062202361,-0.3,,,,,,
-0.035055245,0.1602244695,-0.010301983,-0.3,,,,,,
-0.051252423,-0.041567296,-0.02750441,-0.24,,,,,,
-0.317126219,-0.000290587,0.019629442,-0.18,,,,,,
-0.344444066,-0.053164576,-0.043972294,-0.24,,,,,,
-0.049031596,-0.016333573,-0.046121911,-0.3,,,,,,
-0.294840444,0.0249312712,0.0231816797,-0.18,,,,,,
-0.06867357,0.116735126,-0.064482449,-0.1,,,,,,
-0.276697871,0.0146229459,-0.016377164,-0.13,,,,,,
-0.059361434,0.0997609795,-0.065776687,-0.3,,,,,,
-0.039210956,-0.021718293,0.0599794905,-0.18,,,,,,
-0.206734432,0.0538078112,0.0468351126,-0.18,,,,,,
-0.089036118,0.0953770862,-0.019411732,-0.24,,,,,,
-0.321566259,0.1111401293,0.0474122663,-0.3,,,,,,
0.0496064288,0.1058163868,0.0328331505,-0.24,,,,,,
-0.303572133,-0.059198536,-0.040212272,-0.24,,,,,,
0.0348329689,-0.029722149,-0.01467478,-0.13,,,,,,
-0.188059839,0.1977845993,-0.00902846,-0.24,,,,,,
0.0093210101,-0.005267052,0.002583847,-0.18,,,,,,
-0.131678675,0.0897070745,0.0799775297,-0.1,,,,,,
-0.061864651,0.1617379275,-0.02317479,-0.13,,,,,,
-0.349453888,0.0832228353,0.0379041247,-0.13,,,,,,
-0.055806986,0.0621853525,-0.07677467,-0.1,,,,,,
-0.223662552,0.1389691412,0.0149161088,-0.3,,,,,,
-0.065512669,0.0470440634,0.0527140621,-0.3,,,,,,
-0.132045966,0.0201909594,0.0149684846,-0.24,,,,,,
-0.218591714,0.1042705524,-0.014297202,-0.18,,,,,,
-0.056504463,0.0134381554,-0.001667343,-0.1,,,,,,
-0.054882954,0.1029815782,0.0368829495,-0.24,,,,,,
-0.04262189,-0.004096737,0.0727650492,-0.1,,,,,,
-0.315576956,-0.016605052,0.0714408051,-0.18,,,,,,
-0.238250933,0.1950964167,0.0443834741,-0.13,,,,,,
-0.347363055,0.0073519552,0.0681406374,-0.13,,,,,,
-0.177197081,0.0775220296,-0.020698275,-0.1,,,,,,
-0.032041199,-0.081133303,0.0327399408,-0.18,,,,,,
-0.012723777,-0.091216534,-0.013703309,-0.18,,,,,,
-0.000122179,-0.080263959,0.0788697525,-0.18,,,,,,
0.010453004,-0.094277505,-0.050898995,-0.13,,,,,,
-0.058086993,0.0649692473,-0.010531972,-0.24,,,,,,
-0.170145313,-0.032588517,-0.045324143,-0.24,,,,,,
-0.182237935,0.0158414043,0.0723057135,-0.3,,,,,,
-0.276095464,0.0493386016,0.0424197276,-0.1,,,,,,
-0.053074933,-0.046993425,0.0419753557,-0.18,,,,,,
-0.278345306,-0.023964195,-0.053016321,-0.24,,,,,,
-0.267644116,0.0700332666,0.0199983155,-0.18,,,,,,
-0.173572032,0.190371676,-0.052649339,-0.24,,,,,,
0.0364640582,0.1323491633,-0.073841387,-0.13,,,,,,
-0.330119344,0.189979288,0.0577163391,-0.1,,,,,,
-0.269194775,0.1384050703,-0.058153536,-0.1,,,,,,
-0.337521916,-0.002086652,-0.004462311,-0.13,,,,,,
-0.239643255,0.1652444923,-0.057565545,-0.24,,,,,,
-0.223071422,-0.052530026,0.0093688177,-0.1,,,,,,
-0.075888585,-0.098678646,-0.043226753,-0.1,,,,,,
-0.067203082,-0.015526021,0.0380194163,-0.1,,,,,,
-0.15030987,0.1875944244,-0.075148133,-0.3,,,,,,
-0.005411803,0.0776438295,-0.060349567,-0.18,,,,,,
-0.028014518,0.008812535,0.0704213117,-0.18,,,,,,
0.0498930606,0.1920669077,-0.076355772,-0.1,,,,,,
-0.169254362,0.1974503409,0.0284830047,-0.1,,,,,,
-0.050576007,0.0950394663,0.0650544085,-0.13,,,,,,
-0.201812951,-0.020926324,0.0626011454,-0.3,,,,,,
-0.342345391,-0.021210966,0.0485777643,-0.1,,,,,,
-0.105952592,-0.0756472,0.0560955111,-0.3,,,,,,
-0.290932448,-0.0138296,0.0097919619,-0.1,,,,,,
-0.084605442,0.1633524736,0.0627800014,-0.3,,,,,,
-0.139641949,0.1828966906,0.0115134709,-0.13,,,,,,
-0.063313921,0.1909372102,0.0414941593,-0.3,,,,,,
-0.14104894,0.0138944342,-0.04152113,-0.1,,,,,,
-0.121638949,0.0540575942,-0.061483734,-0.18,,,,,,
-0.106744639,-0.052226565,-0.077442803,-0.13,,,,,,
0.0437776113,0.1516319667,0.0131247752,-0.3,,,,,,
-0.043970469,0.1243274298,0.0699067435,-0.18,,,,,,
0.0107420336,0.0002609279,0.0345589044,-0.3,,,,,,
-0.304862543,-0.085598459,-0.022107955,-0.1,,,,,,
-0.324477926,-0.063551947,-0.028560886,-0.18,,,,,,
0.0379701137,0.1099974161,-0.039088178,-0.3,,,,,,
-0.110138878,0.126663048,-0.065051895,-0.3,,,,,,
0.0315288234,0.0056688138,0.0456595095,-0.24,,,,,,
-0.201919238,0.1502291351,-0.034463879,-0.24,,,,,,
-0.244656976,-0.024840785,-0.046597741,-0.13,,,,,,
-0.117298569,0.064816519,-0.045499894,-0.18,,,,,,
0.0025613947,-0.018294549,-0.035598135,-0.13,,,,,,
0.0133805536,-0.049611843,-0.025422481,-0.1,,,,,,
-0.217316026,-0.025203399,0.0205038675,-0.18,,,,,,
-0.073810533,-0.09702478,0.0317461209,-0.24,,,,,,
-0.26695041,0.0907300815,-0.033637884,-0.1,,,,,,
0.040378111,0.0174602548,-0.029417605,-0.24,,,,,,
-0.038936761,0.1514511329,0.0425657325,-0.24,,,,,,
-0.107881455,0.0395593465,-0.003624099,-0.13,,,,,,
-0.235783502,0.0132372752,0.0671902526,-0.18,,,,,,
-0.299385161,0.055813052,-0.04261879,-0.18,,,,,,
-0.022993097,0.0815684583,-0.070556362,-0.24,,,,,,
-0.155051939,0.0433971272,0.0095426185,-0.18,,,,,,
-0.19059027,-0.090188344,-0.07681386,-0.18,,,,,,
0.0099398655,-0.067772293,-0.034381073,-0.3,,,,,,
-0.232545951,-0.005062168,0.0235080656,-0.24,,,,,,
-0.031099542,0.1284651929,0.0213251543,-0.24,,,,,,
-0.193885343,0.1887148675,0.0645032428,-0.1,,,,,,
-0.02717613,-0.043481687,-0.032141893,-0.1,,,,,,
-0.116596003,0.1209121107,-0.056477668,-0.24,,,,,,
-0.28396353,-0.018014244,0.0310947677,-0.18,,,,,,
-0.299798816,0.160148707,0.0745485755,-0.13,,,,,,
-0.142978852,0.0354325545,-0.023524903,-0.13,,,,,,
-0.159489948,0.0414419274,-0.056913976,-0.13,,,,,,
-0.120189387,-0.06926108,0.0409473861,-0.3,,,,,,
-0.322504534,0.002045071,-0.00835387,-0.1,,,,,,
-0.246637652,0.1771351999,0.0653840779,-0.3,,,,,,
-0.036366847,0.180548658,0.0293291302,-0.3,,,,,,
-0.175772256,-0.024652533,-0.066059158,-0.3,,,,,,
-0.26832461,0.1260254935,0.0739316284,-0.3,,,,,,
-0.288882103,0.0291479572,-0.026276215,-0.3,,,,,,
-0.325726915,0.1799858161,0.0118483707,-0.24,,,,,,
-0.091768663,-0.093593623,-0.039033976,-0.24,,,,,,
-0.2002534,0.06710861,0.0082139872,-0.24,,,,,,
-0.067747054,0.1693344549,0.0172389236,-0.24,,,,,,
0.0114585808,0.1253522288,-0.047443505,-0.18,,,,,,
-0.089430738,0.0573280262,0.0789781201,-0.1,,,,,,
-0.322930161,-0.094493958,-0.040896325,-0.13,,,,,,
-0.152514915,0.1781877507,-0.063996839,-0.18,,,,,,
-0.214316179,-0.09912352,-0.019217369,-0.3,,,,,,
0.0413809576,-0.091988956,0.0044127152,-0.24,,,,,,
-0.330186159,0.0476270136,-0.075235155,-0.18,,,,,,
-0.285845932,0.1388466275,0.0434874811,-0.18,,,,,,
0.0218226829,0.0492611183,0.0369888354,-0.3,,,,,,
-0.137245287,0.0909909873,-0.017430718,-0.18,,,,,,
0.0082112475,-0.042492981,-0.012083839,-0.24,,,,,,
-0.295908842,0.131987397,0.0324644725,-0.13,,,,,,
-0.191643954,0.0945869599,0.035812885,-0.24,,,,,,
-0.133767879,-0.029868574,0.0181373709,-0.1,,,,,,
-0.237608091,0.0819458502,-0.046331158,-0.3,,,,,,
-0.106516944,0.1003103101,0.0052692433,-0.24,,,,,,
-0.231187815,0.1235723294,-0.025615712,-0.1,,,,,,
-0.019388736,-0.061950846,-0.076148074,-0.18,,,,,,
0.0045464932,0.0341446335,-0.031283521,-0.24,,,,,,
-0.254579488,0.1928721783,0.0040214055,-0.3,,,,,,
-0.217579069,0.0455117349,-0.047799026,-0.18,,,,,,
-0.223391828,0.0576061682,-0.038171513,-0.18,,,,,,
-0.129503901,0.048903133,0.0007908151,-0.18,,,,,,
0.0499307486,-0.0999858,-0.062432139,-0.24,,,,,,
-0.060127996,-0.011444413,-0.0304375,-0.13,,,,,,
0.0472106041,0.0594667636,0.0477567453,-0.13,,,,,,
-0.23453524,0.0321908169,0.0027225752,-0.1,,,,,,
-0.122150514,0.1948163371,0.0003385254,-0.3,,,,,,
-0.066747395,0.0905651825,-0.040793241,-0.24,,,,,,
-0.115097154,0.1604459159,-0.052223091,-0.13,,,,,,
-0.186877008,-0.023485253,0.028746152,-0.1,,,,,,
-0.173094484,-0.03979967,-0.069113705,-0.1,,,,,,
0.0380878666,0.0710765888,-0.010134629,-0.1,,,,,,
-0.105181894,-0.062830803,0.0397819182,-0.1,,,,,,
-0.161289013,0.0364503316,0.0773305173,-0.13,,,,,,
-0.294563667,0.1054788619,0.0064372848,-0.13,,,,,,
-0.205430072,-0.042203606,-0.072909428,-0.18,,,,,,
-0.045200041,0.1777241628,0.0090281212,-0.24,,,,,,
-0.294505502,-0.096249304,-0.003400148,-0.24,,,,,,
-0.023280215,0.1162289987,0.0436500209,-0.18,,,,,,
-0.078005081,0.1690635706,-0.076017441,-0.1,,,,,,
-0.134204768,0.1915849604,-0.062457792,-0.1,,,,,,
0.0486343484,0.0288035672,-0.036349724,-0.3,,,,,,
-0.15844782,0.0984307351,0.0169028098,-0.18,,,,,,
-0.258040247,-0.007802393,-0.044581296,-0.24,,,,,,
-0.22190878,-0.075491974,-0.06530708,-0.3,,,,,,
-0.186983991,0.1465046918,0.0736793958,-0.1,,,,,,
-0.058016104,-0.026116433,0.0630783999,-0.13,,,,,,
-0.253143764,-0.054136368,-0.031615388,-0.1,,,,,,
-0.04755333,0.0658851119,0.0765179908,-0.3,,,,,,
-0.07185276,0.0329573578,-0.014867015,-0.13,,,,,,
-0.200831506,-0.038975883,-0.024986206,-0.3,,,,,,
-0.168758234,-0.048437265,-0.056662883,-0.18,,,,,,
-0.218945204,0.1617587133,0.0331004399,-0.18,,,,,,
-0.075149283,0.1793329726,-0.067253265,-0.3,,,,,,
0.0315757703,0.1411161072,-0.001502877,-0.13,,,,,,
-0.075105354,0.191808352,0.0663442745,-0.1,,,,,,
-0.101191363,-0.058320504,-0.032865812,-0.13,,,,,,
-0.205983852,0.1959211204,-0.003830523,-0.1,,,,,,
-0.270413134,0.0426174168,-0.072520078,-0.3,,,,,,
0.0332015021,0.0556421416,0.0342003559,-0.13,,,,,,
0.0292495673,-0.06994823,-0.054690606,-0.3,,,,,,
0.0438776203,0.0541846328,-0.045761181,-0.1,,,,,,
-0.118035948,0.0233982027,-0.028325767,-0.3,,,,,,
-0.180357673,-0.041747605,0.0049978655,-0.1,,,,,,
-0.065424217,0.1518067219,-0.016893849,-0.24,,,,,,
-0.114516727,-0.084053072,0.0670410279,-0.13,,,,,,
-0.094856683,0.0789303853,0.0362128943,-0.18,,,,,,
-0.103953294,0.0848440647,0.0675456,-0.13,,,,,,
-0.070876804,-0.055269823,0.0232057953,-0.24,,,,,,
-0.31379507,0.0298119055,-0.003151102,-0.18,,,,,,
0.0220106897,-0.000896029,-0.040575187,-0.1,,,,,,
-0.030511082,0.1045733532,-0.020775252,-0.13,,,,,,
-0.24190704,-0.006248686,0.0638134117,-0.1,,,,,,
-0.340082642,0.1749256205,0.0439839863,-0.13,,,,,,
-0.201344253,-0.099006009,0.0435023129,-0.1,,,,,,
-0.288346786,0.1244897186,-0.032170479,-0.24,,,,,,
0.0363461222,-0.0370935,0.0738681588,-0.18,,,,,,
-0.330833336,0.1573728201,0.017327573,-0.13,,,,,,
-0.210542875,-0.051234649,0.0249736456,-0.18,,,,,,
-0.002408329,0.0482511264,-0.074152605,-0.13,,,,,,
-0.083641112,0.0346263765,0.023773899,-0.3,,,,,,
-0.27988573,0.0235949563,0.0471796117,-0.24,,,,,,
-0.319246908,0.1812102922,-0.044781609,-0.3,,,,,,
-0.251395422,-0.063658402,0.0238353164,-0.3,,,,,,
-0.061002624,0.0296837955,0.0106194372,-0.1,,,,,,
-0.081786632,0.0900274262,0.0067144505,-0.1,,,,,,
-0.110237907,-0.078239648,-0.050366075,-0.18,,,,,,
-0.179198699,0.1758565271,0.0257999669,-0.18,,,,,,
-0.309604361,0.1886958359,-0.07575548,-0.13,,,,,,
-0.182711033,0.1805279968,-0.037096119,-0.13,,,,,,
-0.146493958,0.1053025387,0.0458257712,-0.1,,,,,,
0.0056306446,0.1830974561,-0.066613423,-0.18,,,,,,
-0.090335906,0.0288445748,0.0037252733,-0.24,,,,,,
-0.342538529,0.0444657208,-0.017858137,-0.3,,,,,,
-0.024768751,0.0005193741,-0.058652222,-0.18,,,,,,
-0.334029738,-0.027549501,0.0258384133,-0.24,,,,,,
-0.065326236,0.1025097957,0.0753681165,-0.1,,,,,,
-0.237275147,-0.028554257,0.0057400327,-0.13,,,,,,
-0.197124998,-0.009446612,0.0742538117,-0.13,,,,,,
-0.017503437,-0.036837627,-0.065838048,-0.13,,,,,,
0.0017208278,0.1573382841,-0.079571941,-0.13,,,,,,
-0.082808302,0.06834742,-0.059922562,-0.13,,,,,,
-0.198556998,0.0875450706,-0.008735694,-0.18,,,,,,
-0.317828767,-0.071863641,-0.025890032,-0.3,,,,,,
0.0267236701,0.1736897291,-0.009305364,-0.18,,,,,,
-0.314958414,0.0882226293,-0.031045326,-0.18,,,,,,
-0.311478647,0.1505201015,-0.069948303,-0.1,,,,,,
-0.056876483,-0.003016125,-0.022477928,-0.3,,,,,,
-0.266035366,-0.001761104,0.0115903956,-0.3,,,,,,
-0.184169164,0.0578319441,0.0157519136,-0.13,,,,,,
-0.044117472,0.0351908988,-0.004972312,-0.3,,,,,,
-0.080164014,-0.055025509,0.0719939843,-0.13,,,,,,
0.0030340195,0.1870766291,0.033821073,-0.18,,,,,,
-0.210134922,0.1251773354,0.0682075818,-0.13,,,,,,
-0.013528381,0.0974847036,-0.055719839,-0.24,,,,,,
-0.029833147,0.1581034546,0.0353515073,-0.13,,,,,,
-0.191960319,0.1627988382,-0.016657441,-0.3,,,,,,
-0.298230235,0.1525371665,-0.030833731,-0.1,,,,,,
-0.073781055,0.0082145223,-0.009215708,-0.1,,,,,,
-0.310166318,0.0668198176,0.0013552321,-0.18,,,,,,
-0.339513078,-0.004521266,-0.041317975,-0.3,,,,,,
-0.268415626,0.0599380842,-0.00409979,-0.1,,,,,,
-0.107227258,0.0630209728,-0.015083492,-0.3,,,,,,
-0.313097423,-0.083463961,0.0530891204,-0.3,,,,,,
0.0280385581,0.1813228616,0.0587072501,-0.3,,,,,,
-0.174358205,-0.089201127,-0.042684139,-0.1,,,,,,
-0.277923678,0.1660717091,0.0267275483,-0.1,,,,,,
-0.16668877,0.1193319343,-0.042303961,-0.13,,,,,,
0.036963568,-0.010941246,0.0199247648,-0.1,,,,,,
-0.016970601,0.1595259128,0.0121765786,-0.18,,,,,,
0.0236371662,0.1442836032,-0.035093233,-0.18,,,,,,
-0.070198373,-0.08774754,-0.035229246,-0.3,,,,,,
-0.267238381,-0.031797132,-0.059622838,-0.3,,,,,,
-0.292009633,-0.030854373,0.0771332748,-0.3,,,,,,
-0.232364778,-0.064113823,-0.053490204,-0.18,,,,,,
-0.180488688,0.0450484153,-0.031993144,-0.24,,,,,,
-0.320441623,0.170877623,0.0341332166,-0.24,,,,,,
-0.231845582,0.0487267343,-0.06762802,-0.13,,,,,,
-0.111370627,-0.014880147,0.0134736863,-0.24,,,,,,
-0.182167832,0.1312400182,-0.078054033,-0.18,,,,,,
-0.138061352,-0.056040228,-0.000994313,-0.1,,,,,,
-0.256156316,0.0940663586,-0.028059166,-0.3,,,,,,
-0.290151228,0.0165189219,0.0629715495,-0.1,,,,,,
-0.065041168,-0.092420898,0.0140164017,-0.18,,,,,,
-0.000511536,0.0697849299,0.0533658975,-0.24,,,,,,
-0.079072551,-0.094770371,0.063882307,-0.18,,,,,,
-0.153966479,0.1502926288,0.0688634618,-0.1,,,,,,
-0.22683869,0.1943237588,0.0226778066,-0.24,,,,,,
-0.300255173,-0.075946309,0.0759463184,-0.24,,,,,,
-0.087987155,0.0255980796,-0.032641997,-0.18,,,,,,
-0.106248068,0.0798899719,-0.054104178,-0.3,,,,,,
-0.02042677,-0.097422184,-0.037968087,-0.13,,,,,,
-0.271106822,0.1838725522,-0.048669594,-0.13,,,,,,
-0.053899224,-0.090291136,-0.002563353,-0.3,,,,,,
-0.315775282,0.1040604094,0.029361049,-0.18,,,,,,
-0.060532046,0.182474276,-0.07896875,-0.24,,,,,,
-0.286873642,0.1773910126,0.0187369074,-0.18,,,,,,
-0.089996034,0.1835825677,-0.042396917,-0.24,,,,,,
-0.18991596,0.1658571042,0.0492639384,-0.13,,,,,,
-0.346217015,-0.099910419,0.0066386217,-0.24,,,,,,
-0.32806916,0.0863246651,0.0314988613,-0.3,,,,,,
-0.04860049,-0.098175011,-0.017563811,-0.18,,,,,,
-0.008498393,-0.006861022,0.0256857749,-0.18,,,,,,
-0.138569352,0.1547358582,-0.009944271,-0.18,,,,,,
-0.254223498,0.0393678781,0.0545195567,-0.3,,,,,,
-0.15790893,0.0607212061,-0.06979239,-0.3,,,,,,
-0.19789265,-0.053492937,-0.04964829,-0.3,,,,,,
-0.19823061,0.1590298881,0.0592297795,-0.24,,,,,,
-0.080527413,0.100789151,0.0322122301,-0.13,,,,,,
-0.323225988,0.1548534038,0.0499577067,-0.18,,,,,,
-0.25745984,0.1351872357,0.0794978309,-0.18,,,,,,
-0.24404395,0.0267629998,-0.035179343,-0.1,,,,,,
-0.24685389,0.0117899443,-0.022519034,-0.18,,,,,,
-0.243101167,0.1807723201,0.0009242588,-0.18,,,,,,
-0.084668817,0.0061862176,-0.054542022,-0.18,,,,,,
-0.254932868,-0.040619799,0.0728414278,-0.3,,,,,,
-0.226966995,0.0026913627,-0.055111693,-0.3,,,,,,
-0.169668004,-0.077251559,-0.017071269,-0.1,,,,,,
-0.232416709,0.0823352983,0.0429131562,-0.1,,,,,,
-0.318527905,0.13344846,-0.063142015,-0.18,,,,,,
-0.139926162,-0.084393691,-0.046999723,-0.13,,,,,,
0.0390424206,-0.064678115,-0.048116396,-0.13,,,,,,
-0.011151201,0.0920352203,0.0592761984,-0.1,,,,,,
-0.229490861,0.0213313485,-0.000879734,-0.3,,,,,,
-0.343268971,0.1127827474,0.0242792466,-0.1,,,,,,
0.0464713745,-0.096406246,0.0399908933,-0.18,,,,,,
-0.33773617,0.1475859377,-0.026424073,-0.3,,,,,,
-0.265287943,0.0643885593,-0.077044039,-0.18,,,,,,
-0.331017298,0.0029197799,0.0662908704,-0.24,,,,,,
-0.135299514,-0.067278131,-0.07883073,-0.1,,,,,,
-0.302592557,0.0057272485,-0.038268775,-0.1,,,,,,
-0.153493128,-0.061707922,-0.031090731,-0.24,,,,,,
-0.095076173,0.0188745158,-0.051908814,-0.3,,,,,,
-0.045589777,0.1499810109,-0.049107482,-0.18,,,,,,
-0.102153355,-0.046006814,0.0212078662,-0.18,,,,,,
-0.333295519,0.023700859,-0.046812794,-0.18,,,,,,
0.0279326845,0.0464018467,-0.038513516,-0.13,,,,,,
-0.016287275,0.0310252667,-0.041221063,-0.18,,,,,,
-0.113606865,0.1035713424,-0.075496628,-0.1,,,,,,
-0.135784923,0.0324016218,-0.039547983,-0.24,,,,,,
-0.164534533,-0.019813642,0.0351614187,-0.13,,,,,,
-0.025750003,0.0508256036,-0.0646203,-0.3,,,,,,
-0.338063906,0.126206789,0.0092382223,-0.1,,,,,,
-0.20614064,0.1136743119,0.0573848755,-0.3,,,,,,
-0.311261316,-0.066314185,0.0343994988,-0.18,,,,,,
-0.194618687,0.0757583353,0.0265525809,-0.1,,,,,,
-0.016150712,0.1504730925,0.0635528877,-0.3,,,,,,
-0.299628851,0.1787418172,-0.060167124,-0.1,,,,,,
-0.049477274,0.0070146426,0.0160968633,-0.18,,,,,,
0.012574572,-0.009699549,-0.064971856,-0.1,,,,,,
-0.021359902,0.0358563875,-0.011000608,-0.1,,,,,,
-0.234632087,0.1366142843,-0.031119492,-0.3,,,,,,
0.0092104757,0.1587618526,-0.01933342,-0.1,,,,,,
-0.017743195,0.0772006232,0.0413256717,-0.18,,,,,,
0.0155738247,0.1495711091,0.0094855102,-0.24,,,,,,
-0.032731184,0.1987624785,0.0578145144,-0.3,,,,,,
-0.12007388,0.1226483845,0.0079600134,-0.18,,,,,,
0.0165101813,0.0037058622,-0.02827452,-0.18,,,,,,
-0.184336639,-0.000554609,-0.068217886,-0.24,,,,,,
-0.049992956,0.1301850176,-0.013393774,-0.18,,,,,,
-0.102773476,0.0715674166,0.0274704682,-0.13,,,,,,
-0.036085326,0.0986773938,0.0520653911,-0.18,,,,,,
-0.037123418,-0.068845749,0.0086213729,-0.18,,,,,,
-0.017313493,0.1731046405,0.0551725447,-0.24,,,,,,
0.0077230367,0.0232165964,0.0210536396,-0.1,,,,,,
-0.189267913,0.1486343827,-0.060587816,-0.1,,,,,,
-0.015102395,0.1951934982,-0.058384137,-0.1,,,,,,
-0.24083593,-0.093318742,0.0775951723,-0.13,,,,,,
0.0067246305,-0.077777357,0.0624481214,-0.3,,,,,,
-0.27406459,-0.0084868,-0.025226947,-0.1,,,,,,
-0.082594224,-0.012784486,0.0167070156,-0.13,,,,,,
-0.302811111,-0.090954682,0.0446279041,-0.13,,,,,,
-0.116135963,-0.086884509,0.0163285716,-0.24,,,,,,
0.0476332357,0.164813485,0.0666319633,-0.13,,,,,,
-0.074114569,0.0643289144,-0.025147104,-0.1,,,,,,
-0.24344425,0.0786314419,-0.078361793,-0.13,,,,,,
-0.163718414,-0.075091147,0.0230684446,-0.18,,,,,,
-0.078375399,0.0933361903,0.0729199852,-0.3,,,,,,
-0.24573097,0.0766556013,0.0119000694,-0.18,,,,,,
-0.281783139,0.0889269114,0.0241436511,-0.24,,,,,,
0.0253930728,0.0520677678,0.0575606157,-0.18,,,,,,
-0.040357752,0.0164151684,-0.06873256,-0.24,,,,,,
-0.127658262,0.1962308018,0.050768334,-0.1,,,,,,
-0.272462774,0.095209231,-0.053819625,-0.24,,,,,,
-0.073139323,-0.002475482,0.0405238335,-0.3,,,,,,
-0.345160853,0.0919671415,-0.006887399,-0.18,,,,,,
-0.248545364,0.1586804095,0.0300816841,-0.3,,,,,,
-0.23560602,0.1822207539,-0.054817937,-0.1,,,,,,
0.0445290405,-0.045801815,-0.039675751,-0.24,,,,,,
-0.314373152,-0.027932346,-0.071245333,-0.3,,,,,,
-0.220584377,0.0090754683,-0.028630131,-0.1,,,,,,
-0.276900414,0.1762904748,-0.0740378,-0.24,,,,,,
-0.331449107,0.1019760793,-0.02293998,-0.24,,,,,,
-0.119496925,0.1815083661,-0.072469083,-0.13,,,,,,
-0.042099697,0.0276915695,-0.021110194,-0.24,,,,,,
0.0341247442,-0.099754781,0.0259189842,-0.3,,,,,,
0.0123939699,0.1357466293,0.0238853221,-0.24,,,,,,
-0.283872272,0.1511825321,-0.000046905,-0.13,,,,,,
-0.220816822,0.1583081946,-0.07455304,-0.3,,,,,,
-0.130041896,0.0302645499,0.0306367654,-0.3,,,,,,
0.0349204598,0.009182142,-0.07491511,-0.24,,,,,,
0.0096326393,0.1797806036,0.039845711,-0.1,,,,,,
-0.335043862,0.0189642269,0.0455841271,-0.1,,,,,,
-0.343722132,0.0123797768,0.0390238467,-0.3,,,,,,
-0.00782441,0.1944589921,0.0651275359,-0.24,,,,,,
-0.012607758,0.0379036948,0.0273632631,-0.24,,,,,,
-0.202913225,0.1936677884,0.0731525774,-0.13,,,,,,
-0.151439279,-0.032002342,0.0031120244,-0.3,,,,,,
-0.167295326,0.0135170997,-0.05056331,-0.3,,,,,,
-0.273848224,0.1965352209,0.0170092812,-0.3,,,,,,
-0.006640214,-0.043811677,-0.076937823,-0.3,,,,,,
-0.14990239,0.1374867573,0.0722679664,-0.18,,,,,,
-0.093631762,0.0739329842,-0.027905271,-0.13,,,,,,
-0.301606072,-0.031408792,-0.012204462,-0.18,,,,,,
-0.129317265,0.1430063223,-0.053434913,-0.18,,,,,,
-0.306652624,-0.030443299,-0.054771781,-0.1,,,,,,
-0.250930283,-0.021597043,0.0085513727,-0.18,,,,,,
-0.133021855,0.1714983756,0.044923212,-0.3,,,,,,
-0.094314505,-0.019944123,-0.058327379,-0.1,,,,,,
-0.328463492,0.1724363028,-0.018848558,-0.1,,,,,,
-0.188637172,0.0549100885,-0.036222271,-0.1,,,,,,
-0.229868616,-0.034582045,-0.048934922,-0.13,,,,,,
-0.014847356,-0.059660572,0.0746776958,-0.13,,,,,,
-0.344700111,-0.064974522,0.0309042569,-0.1,,,,,,
-0.136482271,-0.052035049,-0.019736354,-0.24,,,,,,
-0.300001585,0.083632887,-0.000367537,-0.3,,,,,,
-0.201113173,0.0156051758,0.0220435304,-0.13,,,,,,
-0.15723998,-0.025900639,-0.040303748,-0.13,,,,,,
-0.225225722,-0.020054915,-0.030556324,-0.18,,,,,,
-0.266198981,0.1197375787,-0.024894349,-0.3,,,,,,
-0.322001267,-0.074303864,0.0676041921,-0.18,,,,,,
-0.33526597,0.1870539803,-0.06795408,-0.18,,,,,,
-0.001697882,0.0307135788,0.0572107085,-0.1,,,,,,
-0.112181766,0.1158476387,0.0612177464,-0.18,,,,,,
-0.293897068,0.1092113831,-0.079709116,-0.3,,,,,,
-0.067948357,-0.05368774,-0.021603771,-0.1,,,,,,
-0.26123213,0.0521133859,-0.005943472,-0.3,,,,,,
-0.177932812,0.0813857301,0.0605975522,-0.13,,,,,,
-0.252676682,0.1413936835,0.0704713426,-0.24,,,,,,
-0.14671947,0.1252649435,-0.021309383,-0.24,,,,,,
-0.281879849,-0.059869986,-0.001477198,-0.3,,,,,,
-0.33593498,0.1207707951,0.0673464366,-0.18,,,,,,
-0.308157453,-0.036231784,0.0657624908,-0.13,,,,,,
-0.309352536,0.1341242228,0.0640140585,-0.24,,,,,,
-0.206329654,-0.012122751,0.005433807,-0.3,,,,,,
-0.011282501,-0.065462483,0.0337289478,-0.24,,,,,,
-0.103382802,0.1880394533,-0.026004127,-0.1,,,,,,
-0.269289469,0.1817623562,0.0360699491,-0.24,,,,,,
-0.123829237,0.0405100424,-0.079507442,-0.13,,,,,,
-0.147887311,0.0461194433,-0.00946284,-0.3,,,,,,
0.049095532,0.0810508361,-0.067192123,-0.1,,,,,,
-0.167753992,0.1831762944,0.0559701323,-0.3,,,,,,
-0.166635709,-0.058900357,-0.00768315,-0.24,,,,,,
-0.149531242,-0.061103281,0.0696258551,-0.1,,,,,,
-0.176358245,-0.007288345,-0.014169411,-0.24,,,,,,
-0.030454121,-0.049134172,0.0757566546,-0.24,,,,,,
-0.06289316,-0.039217736,-0.06359881,-0.24,,,,,,
0.0255555429,0.1223027137,-0.072312888,-0.18,,,,,,
-0.183684306,0.1996872536,0.0329068614,-0.3,,,,,,
-0.095223204,0.1220304593,0.0716311504,-0.24,,,,,,
-0.142847686,-0.091472896,0.0482562706,-0.24,,,,,,
-0.255392967,0.0695822266,-0.049123454,-0.1,,,,,,
-0.002735401,0.0992143099,0.0686535616,-0.3,,,,,,
-0.07911711,0.0172381788,-0.063831881,-0.1,,,,,,
-0.259591685,-0.071088851,0.0273826429,-0.18,,,,,,
-0.034222499,-0.040137529,0.0383750487,-0.3,,,,,,
-0.145260304,0.0948784585,-0.001389995,-0.13,,,,,,
-0.347959189,0.0592349892,0.0028657891,-0.13,,,,,,
-0.221345652,0.1295232842,-0.051434726,-0.18,,,,,,
-0.230110408,0.0926151396,0.0214497587,-0.1,,,,,,
-0.230706219,-0.092540476,0.0266331197,-0.13,,,,,,
-0.226043815,0.0712477868,-0.00263003,-0.13,,,,,,
-0.20256484,-0.059643171,0.0158782915,-0.24,,,,,,
-0.255129553,0.1646661877,0.0454042926,-0.24,,,,,,
-0.28016214,0.0744683036,-0.039002497,-0.13,,,,,,
-0.3297693,0.0264702449,0.004769135,-0.1,,,,,,
-0.287969319,-0.010280484,-0.049898271,-0.13,,,,,,
-0.349120975,0.1779338078,-0.030283862,-0.24,,,,,,
-0.069683945,0.120647914,0.0206059668,-0.13,,,,,,
-0.264255477,-0.085968317,0.0382442233,-0.1,,,,,,
-0.154715388,0.1270734339,0.0513613831,-0.18,,,,,,
-0.315259104,0.1461776883,0.0067924959,-0.24,,,,,,
-0.051747668,0.1448802153,0.0153883443,-0.1,,,,,,
-0.13251734,0.0443462145,0.060242482,-0.24,,,,,,
-0.041765173,-0.086102339,-0.011510959,-0.13,,,,,,
-0.0039338,-0.028298302,-0.053863256,-0.3,,,,,,
0.0265276433,-0.081952991,-0.059609212,-0.1,,,,,,
0.0203909967,0.1396285079,-0.062194898,-0.3,,,,,,
-0.089237933,-0.017562422,0.0588568179,-0.3,,,,,,
-0.19168275,0.0085605376,-0.079137557,-0.3,,,,,,
-0.087271544,-0.060698975,-0.070616857,-0.1,,,,,,
-0.29714709,0.0474237118,0.0695664857,-0.3,,,,,,
-0.219978774,-0.017846822,0.0790821015,-0.1,,,,,,
0.0051140104,-0.0133454,0.0314780879,-0.13,,,,,,
-0.134653816,0.1272619152,0.0108523635,-0.3,,,,,,
-0.326033671,0.0369456884,0.0348960813,-0.1,,,,,,
-0.344943395,0.1355764159,-0.04985378,-0.1,,,,,,
-0.32505079,0.0223709496,0.056998365,-0.24,,,,,,
-0.262323337,0.0282269721,0.0268726073,-0.13,,,,,,
-0.188403099,-0.096012423,-0.026291571,-0.13,,,,,,
-0.203801336,0.1318218018,-0.006462855,-0.18,,,,,,
0.0382354709,-0.068198319,0.0170607395,-0.24,,,,,,
-0.018686262,0.0963163224,-0.014968444,-0.1,,,,,,
0.0328669227,-0.046696476,-0.079343259,-0.1,,,,,,
-0.270989272,0.058248544,0.0660577294,-0.3,,,,,,
-0.135146798,0.1762410833,0.0753126989,-0.24,,,,,,
0.0461180388,0.065741189,-0.022625292,-0.24,,,,,,
-0.278587872,0.1104185558,0.0032118342,-0.3,,,,,,
-0.258422973,0.1725957225,-0.050970444,-0.18,,,,,,
0.0214566119,0.008539314,0.0001098198,-0.24,,,,,,
-0.192826142,0.0311548418,0.0112376299,-0.24,,,,,,
-0.214562749,0.1783987418,0.0482048266,-0.24,,,,,,
-0.185869283,0.1086282331,0.0211534928,-0.18,,,,,,
0.0282604847,0.0916359082,0.0225341139,-0.13,,,,,,
-0.340667813,-0.055713964,0.0786106849,-0.1,,,,,,
-0.176604993,0.0520227954,0.022704965,-0.1,,,,,,
-0.113161536,0.0569388864,-0.026495668,-0.24,,,,,,
-0.281197584,0.1277632366,0.0389086111,-0.1,,,,,,
-0.143742678,0.1353413547,0.0376048798,-0.13,,,,,,
-0.278789287,-0.043861304,-0.006719956,-0.13,,,,,,
-0.269066644,-0.095413792,-0.020789632,-0.13,,,,,,
0.0466787543,0.0937501435,0.0116886078,-0.1,,,,,,
-0.183310355,0.1540563849,-0.070365657,-0.3,,,,,,
0.0414619567,0.0778993253,0.051271553,-0.24,,,,,,
-0.269823527,0.0096221861,0.0338483471,-0.1,,,,,,
-0.06347706,-0.008521945,0.0665714848,-0.3,,,,,,
0.0118856341,0.0507439658,-0.007416347,-0.13,,,,,,
-0.2890981,0.084161316,0.073617897,-0.13,,,,,,
-0.025368905,0.1005293421,-0.0503891,-0.13,,,,,,
-0.239161684,-0.036692374,-0.076516447,-0.1,,,,,,
-0.243981065,-0.098487682,0.0210774546,-0.24,,,,,,
-0.172922208,0.0901510487,0.0144798402,-0.24,,,,,,
-0.007103826,0.1855604333,-0.012955174,-0.3,,,,,,
0.0468201211,-0.012322725,-0.019462427,-0.3,,,,,,
-0.20685034,0.084380494,-0.04448707,-0.1,,,,,,
-0.124463742,-0.054305267,-0.064549283,-0.13,,,,,,
-0.236656562,0.1310525146,0.0526855444,-0.1,,,,,,
-0.334283729,0.0510165674,-0.009739859,-0.24,,,,,,
-0.323309688,0.1983636619,-0.054079207,-0.24,,,,,,
-0.173752146,0.1336842149,-0.002420332,-0.13,,,,,,
-0.083530553,-0.034290776,-0.07353168,-0.24,,,,,,
-0.252928032,0.1682141976,-0.038552512,-0.13,,,,,,
-0.305861757,-0.005753016,0.05015413,-0.3,,,,,,
-0.206988654,-0.067960826,-0.009896563,-0.18,,,,,,
-0.168927578,0.1166665077,0.0797463327,-0.24,,,,,,
-0.221828335,0.195538023,-0.079996383,-0.18,,,,,,
0.0485823794,-0.078555286,0.0541771028,-0.1,,,,,,
0.0352344234,0.0207362544,0.003935815,-0.13,,,,,,
-0.156076955,0.047881598,0.056127632,-0.13,,,,,,
-0.053150616,0.1697064039,0.0585009227,-0.1,,,,,,
0.0171331498,0.0195257856,0.0402904801,-0.1,,,,,,
-0.241091682,0.0591270998,-0.054231069,-0.18,,,,,,
-0.070767165,0.0743297258,0.0091295992,-0.3,,,,,,
-0.26322394,0.1093995432,0.0587210717,-0.13,,,,,,
-0.256393518,0.1123852115,0.0156368629,-0.24,,,,,,
-0.310938526,0.1915606811,0.0601077267,-0.3,,,,,,
0.0021761554,-0.056488549,-0.069728351,-0.3,,,,,,
-0.059565464,0.0212532278,-0.071594275,-0.18,,,,,,
-0.039791238,0.0809317227,0.0739895018,-0.24,,,,,,
0.0358936723,0.1902807862,-0.018180938,-0.3,,,,,,
-0.19771698,0.1397078033,0.0200312922,-0.1,,,,,,
-0.177391482,-0.080615352,-0.033850529,-0.18,,,,,,
-0.129077875,0.0730718312,0.0643777211,-0.18,,,,,,
-0.307104355,0.062416892,0.0777880116,-0.13,,,,,,
-0.262981493,-0.033774488,0.0459922946,-0.3,,,,,,
-0.171661937,0.0653645762,0.0443004476,-0.1,,,,,,
-0.041386367,0.0722286724,-0.034836521,-0.13,,,,,,
-0.126073339,-0.033309286,0.0793819225,-0.13,,,,,,
-0.234089942,-0.044707813,-0.064062754,-0.3,,,,,,
-0.181576107,0.0935867913,-0.058795885,-0.24,,,,,,
-0.034611797,0.1136188814,0.0113574915,-0.1,,,,,,
0.0496854295,0.0400901185,-0.013188938,-0.18,,,,,,
-0.008363962,0.1427527461,0.0776231248,-0.1,,,,,,
0.0338779159,0.1580178003,0.0755677713,-0.18,,,,,,
-0.012227069,-0.03415559,0.0071142428,-0.18,,,,,,
-0.242653204,0.048278385,0.0291839605,-0.24,,,,,,
-0.180070192,0.0259269453,0.0188443218,-0.3,,,,,,
-0.007131342,0.062110099,0.0386927341,-0.13,,,,,,
-0.200520634,0.0795859906,-0.062808959,-0.1,,,,,,
-0.082089395,0.1556981039,-0.024522583,-0.3,,,,,,
0.028728202,0.1560464599,-0.041914402,-0.24,,,,,,
-0.300751694,0.0377430937,-0.027855018,-0.18,,,,,,
0.0397562679,0.1866035453,0.0549848976,-0.1,,,,,,
-0.151577697,-0.095118605,-0.055904358,-0.24,,,,,,
-0.167977115,0.0279552762,-0.005772363,-0.13,,,,,,
-0.057609799,0.1843032451,-0.004878674,-0.18,,,,,,
0.0271562995,0.1196323571,0.0734826219,-0.13,,,,,,
-0.09955978,-0.095636453,0.0186398068,-0.1,,,,,,
-0.24789558,-0.048512591,0.0510106935,-0.24,,,,,,
-0.065912551,-0.033687924,-0.033614009,-0.18,,,,,,
-0.085690253,0.1754061436,0.0390601927,-0.13,,,,,,
-0.18792959,-0.071677367,0.0607482609,-0.3,,,,,,
-0.072813183,0.1154882616,-0.017933798,-0.3,,,,,,
0.0433848114,0.175778802,-0.030983091,-0.1,,,,,,
0.006300606,0.1980304289,0.0260475439,-0.3,,,,,,
-0.292687065,-0.077703839,0.0490143001,-0.1,,,,,,
-0.340866386,0.0787952011,-0.029302148,-0.13,,,,,,
-0.28122325,-0.099668683,-0.034771403,-0.18,,,,,,
-0.030702897,0.0748668379,0.0318478972,-0.3,,,,,,
-0.187389126,0.0735806817,-0.015668857,-0.24,,,,,,
-0.312899904,-0.006735618,-0.032416175,-0.13,,,,,,
0.0229558968,0.1873938766,-0.078303853,-0.13,,,,,,
-0.329454169,0.1218283867,-0.012471883,-0.3,,,,,,
0.0245988838,-0.039419859,0.0646477713,-0.24,,,,,,
-0.078444977,-0.073171428,-0.016101708,-0.24,,,,,,
-0.135917717,0.0597754236,0.0281814467,-0.1,,,,,,
-0.15223352,0.0957807868,0.0291186914,-0.3,,,,,,
-0.077487541,-0.021507598,0.0266824099,-0.24,,,,,,
-0.035928583,0.173847184,-0.053954104,-0.1,,,,,,
0.0393259187,0.1328245776,0.0677637599,-0.24,,,,,,
0.0398369581,0.0850395414,-0.061851801,-0.24,,,,,,
0.0441669928,0.1971632423,0.0437029049,-0.24,,,,,,
-0.308079476,-0.068698443,-0.068920718,-0.24,,,,,,
-0.098961441,0.1747293838,-0.015470073,-0.24,,,,,,
-0.337485704,-0.08924677,-0.057746394,-0.24,,,,,,
-0.026591399,0.0192849376,-0.008215435,-0.18,,,,,,
-0.26565927,0.0871339717,0.0497686653,-0.3,,,,,,
-0.295475551,-0.003657797,-0.019837247,-0.24,,,,,,
-0.211340335,0.1180402348,-0.076278168,-0.13,,,,,,
-0.071008214,0.0391166648,0.064823155,-0.18,,,,,,
-0.283746665,0.0077566285,-0.065117926,-0.18,,,,,,
-0.335745051,-0.069488378,0.0216775028,-0.13,,,,,,
-0.160065257,0.0105320395,0.025295216,-0.3,,,,,,
-0.116290252,0.140404798,0.0404482489,-0.18,,,,,,
-0.086112307,-0.050184412,0.0006277566,-0.3,,,,,,
0.0071683928,-0.034948885,0.0505073637,-0.1,,,,,,
-0.109440926,0.168679011,0.0022758854,-0.18,,,,,,
-0.055392309,0.084965854,0.0045522266,-0.18,,,,,,
-0.114621795,0.0130510821,-0.059322564,-0.24,,,,,,
-0.215174535,0.0419520936,0.0589449536,-0.13,,,,,,
-0.253751397,0.1994684843,-0.065200402,-0.1,,,,,,
-0.154834798,0.0829130926,-0.026771257,-0.13,,,,,,
0.0237599765,0.0305327308,0.0084159327,-0.3,,,,,,
-0.303739024,0.1979383299,0.0545564097,-0.1,,,,,,
-0.229242227,0.0858397974,-0.041420846,-0.24,,,,,,
-0.34978062,-0.098464717,-0.066401978,-0.13,,,,,,
-0.098302624,0.1575695986,-0.00070447,-0.1,,,,,,
0.0225918817,-0.056826275,0.0075105112,-0.13,,,,,,
-0.296959623,0.1755839162,-0.002227573,-0.24,,,,,,
-0.079570478,0.1848873091,0.0145565556,-0.1,,,,,,
-0.127293166,0.1654456908,0.0219855561,-0.18,,,,,,
-0.1782462,0.0313615606,-0.073384307,-0.1,,,,,,
-0.149809996,-0.002839297,-0.011619455,-0.1,,,,,,
-0.058622408,-0.08358117,-0.075211566,-0.3,,,,,,
0.033306121,0.1856866338,-0.039946544,-0.13,,,,,,
0.0277528647,-0.061677051,0.0303062233,-0.3,,,,,,
-0.047177893,0.079272288,0.0127792213,-0.13,,,,,,
-0.199729433,-0.033019299,0.0524959347,-0.18,,,,,,
-0.289083236,-0.019633186,-0.07802158,-0.18,,,,,,
0.0318800123,-0.013767149,-0.056968095,-0.13,,,,,,
-0.025217486,-0.020385671,-0.000495666,-0.24,,,,,,
0.0443643258,0.075006536,-0.000582701,-0.18,,,,,,
-0.142758809,0.1577243009,-0.036467857,-0.24,,,,,,
-0.348969028,-0.064414411,-0.077649161,-0.18,,,,,,
-0.181507882,0.1364169572,-0.013853711,-0.1,,,,,,
-0.3203206,0.0546211524,-0.079164803,-0.1,,,,,,
0.0202496375,0.1716958381,0.0160163213,-0.1,,,,,,
-0.230774168,0.1882216393,0.0537568568,-0.24,,,,,,
0.0411447705,0.0452675634,0.0143854951,-0.18,,,,,,
-0.047662122,0.0257558086,0.0463955125,-0.13,,,,,,
-0.241951361,-0.073563403,-0.074414484,-0.18,,,,,,
-0.100563708,-0.099293767,-0.0655454,-0.18,,,,,,
-0.111805153,0.038721639,0.0432084227,-0.24,,,,,,
-0.031540322,0.1647611581,-0.072645386,-0.3,,,,,,
-0.059491457,-0.089815528,0.0767020074,-0.1,,,,,,
-0.210638268,-0.092938231,-0.053898892,-0.1,,,,,,
-0.0238636,0.0548255431,0.0682455385,-0.13,,,,,,
-0.019286481,0.1267419714,0.0316367999,-0.1,,,,,,
-0.003711472,-0.063746571,-0.018237764,-0.1,,,,,,
-0.068497767,0.1606167238,0.0542453341,-0.18,,,,,,
-0.191602953,-0.065777684,0.0780163004,-0.18,,,,,,
-0.099870093,-0.022552277,0.0478283482,-0.24,,,,,,
-0.346086526,0.0386231752,-0.036811513,-0.1,,,,,,
-0.19629291,0.0427680009,0.0792618784,-0.24,,,,,,
-0.244336145,0.0048505013,0.0462663994,-0.1,,,,,,
-0.296976513,-0.047274353,-0.047960796,-0.18,,,,,,
-0.090097989,-0.031257938,0.0371936703,-0.13,,,,,,
-0.145979954,0.0665256775,0.0246205783,-0.24,,,,,,
-0.265180851,-0.062099557,0.0642626051,-0.24,,,,,,
-0.298967401,-0.057298596,-0.005624444,-0.1,,,,,,
-0.24236201,0.1481838943,-0.019060432,-0.18,,,,,,
0.0196936744,0.1261773397,0.0562999733,-0.3,,,,,,
-0.005611681,0.1149350502,0.0299229427,-0.3,,,,,,
-0.174248313,0.0321111293,0.0406321848,-0.18,,,,,,
-0.161388414,-0.082825854,-0.027631202,-0.3,,,,,,
-0.342929939,0.0030674544,-0.075637223,-0.13,,,,,,
-0.049877057,0.0382409766,-0.06670115,-0.13,,,,,,
-0.215107521,-0.072650647,-0.038929943,-0.1,,,,,,
0.0480757637,-0.084645778,-0.00761435,-0.3,,,,,,
-0.144965354,-0.005649613,-0.027320065,-0.18,,,,,,
-0.000378212,-0.044588527,0.0187980872,-0.1,,,,,,
0.0177247084,0.039253712,-0.048963802,-0.24,,,,,,
0.044860085,0.0351002639,-0.0633588,-0.18,,,,,,
-0.339216327,0.0906323163,0.053030361,-0.24,,,,,,
-0.145655065,0.1985003066,0.0611024152,-0.13,,,,,,
-0.019071957,0.1523782401,-0.061217464,-0.24,,,,,,
-0.281609939,0.1811016102,-0.013754804,-0.13,,,,,,
-0.228428207,-0.039967323,0.002162021,-0.24,,,,,,
-0.123218871,-0.048866553,-0.004284965,-0.18,,,,,,
-0.233073466,0.1141758823,-0.007989308,-0.24,,,,,,
-0.200965918,0.0913809984,0.0455610268,-0.3,,,,,,
0.0401474655,0.1173779682,0.0231246666,-0.18,,,,,,
-0.172544363,0.0058802632,0.0651325643,-0.1,,,,,,
-0.122601433,0.0179135685,0.0761335784,-0.18,,,,,,
-0.239483542,0.0691376068,0.0686957733,-0.18,,,,,,
0.0427686726,-0.030633964,0.0218399355,-0.3,,,,,,
-0.10971585,0.0861153181,-0.079930775,-0.24,,,,,,
-0.291860738,0.0898599954,-0.061301605,-0.18,,,,,,
-0.260741368,0.1059750716,-0.055965679,-0.13,,,,,,
-0.069247129,0.01156422,-0.04509521,-0.13,,,,,,
-0.022631999,0.1840458748,0.0793258674,-0.13,,,,,,
0.0156955693,-0.095478531,0.0596247046,-0.24,,,,,,
-0.119931371,0.0109409615,0.0514957466,-0.24,,,,,,
-0.020333345,0.0027329475,0.0525449996,-0.1,,,,,,
-0.277831812,-0.051830424,0.0550657367,-0.18,,,,,,
-0.080869595,0.1137173174,-0.076918879,-0.24,,,,,,
-0.28890942,-0.085017572,0.0585826709,-0.18,,,,,,
-0.010270637,0.1884451265,0.0078908772,-0.1,,,,,,
-0.117587859,-0.036951922,0.0277835982,-0.18,,,,,,
-0.014703246,0.0706812822,-0.078717,-0.3,,,,,,
-0.338980598,-0.04317434,0.0131329244,-0.24,,,,,,
-0.001388995,0.08358362,-0.037155424,-0.18,,,,,,
-0.051614672,0.0924337077,-0.073656482,-0.18,,,,,,
-0.315441584,0.0638552998,-0.06567275,-0.13,,,,,,
-0.236333534,0.1792617393,0.0765572735,-0.18,,,,,,
-0.045064859,-0.082101291,0.0500148341,-0.3,,,,,,
-0.251276901,0.089311986,0.0570725065,-0.13,,,,,,
-0.189433466,-0.027841465,-0.020409075,-0.18,,,,,,
0.0247240676,0.1334233356,-0.021781599,-0.1,,,,,,
-0.154412814,-0.040651691,-0.013334736,-0.13,,,,,,
-0.046294287,0.1889507545,-0.069715622,-0.18,,,,,,
-0.11286201,-0.067737315,0.0734234031,-0.24,,,,,,
-0.128435531,0.1067851993,-0.060853185,-0.13,,,,,,
-0.330284727,-0.012274016,0.041565956,-0.18,,,,,,
0.0203698827,0.0377950686,0.0798705418,-0.13,,,,,,
-0.010432994,0.0526512621,-0.017032585,-0.24,,,,,,
-0.023565966,0.1379368526,-0.046616681,-0.3,,,,,,
0.0444374766,-0.069474858,0.0654847797,-0.1,,,,,,
0.0038642676,0.1420459312,-0.056832042,-0.1,,,,,,
0.001299501,0.0008682761,-0.005579198,-0.24,,,,,,
-0.292103196,0.1902465893,-0.035424382,-0.18,,,,,,
-0.27732751,0.1487773819,-0.041707377,-0.3,,,,,,
-0.209474845,0.1733159525,-0.02714143,-0.18,,,,,,
0.0300721559,-0.09174737,0.0710211226,-0.13,,,,,,
-0.079237638,0.1393927182,0.0480511329,-0.3,,,,,,
-0.11248788,0.1867611901,0.0465478974,-0.3,,,,,,
-0.150162175,0.0368730368,0.0489944601,-0.24,,,,,,
-0.285481489,-0.045732727,-0.07531253,-0.1,,,,,,
-0.349924766,0.0733820076,-0.056677525,-0.3,,,,,,
-0.308851565,0.1657823769,-0.011277927,-0.13,,,,,,
-0.086559727,-0.068465324,0.0516582169,-0.1,,,,,,
-0.21373439,0.0373462056,-0.012895137,-0.3,,,,,,
0.0320530518,0.163101504,-0.077417944,-0.3,,,,,,
-0.212225833,0.096287404,0.0415075627,-0.18,,,,,,
-0.238350941,-0.066619519,-0.014000194,-0.24,,,,,,
-0.131453809,0.0037808847,-0.077110795,-0.3,,,,,,
-0.079707791,0.056470939,-0.002813686,-0.18,,,,,,
-0.032530756,0.0634646308,0.0034117941,-0.13,,,,,,
-0.276410541,0.1215965584,0.062272605,-0.1,,,,,,
-0.282513853,0.0641046439,0.0720201168,-0.24,,,,,,
-0.168194183,0.0747230714,-0.034140389,-0.3,,,,,,
0.0139944126,0.1988332449,-0.005671598,-0.13,,,,,,
-0.288191274,0.1890428956,0.0347941985,-0.1,,,,,,
-0.217116384,-0.056280341,-0.060114089,-0.24,,,,,,
-0.014067239,-0.014560235,0.0610319642,-0.24,,,,,,
-0.247389063,0.1323823606,-0.035812927,-0.24,,,,,,
-0.301015614,0.0768348323,0.0481546915,-0.13,,,,,,
-0.088571917,0.0144208525,0.0262900922,-0.18,,,,,,
-0.227163557,0.0274618134,0.0503930662,-0.18,,,,,,
-0.101370251,0.0014063289,0.069405384,-0.24,,,,,,
-0.039267804,0.0479489817,-0.025865924,-0.3,,,,,,
-0.004703453,0.0681058841,0.0167841167,-0.1,,,,,,
-0.341579615,0.0961513044,0.0759927828,-0.3,,,,,,
-0.10262124,0.1713393443,-0.0441451,-0.18,,,,,,
-0.005855278,-0.075910132,0.0406641971,-0.1,,,,,,
-0.265951103,0.0247102087,0.0701906053,-0.1,,,,,,
-0.304330459,0.0423331502,0.0261127914,-0.3,,,,,,
-0.227514953,0.1060621822,0.0718117824,-0.13,,,,,,
-0.171970202,0.0988335336,-0.038839776,-0.18,,,,,,
-0.205117862,0.033429203,0.0664501563,-0.18,,,,,,
0.02249406,0.1036956185,-0.052741926,-0.3,,,,,,
-0.069870736,0.0265370675,-0.078459019,-0.3,,,,,,
-0.039434991,-0.065915544,-0.055628551,-0.1,,,,,,
0.0042127849,0.0635630749,0.0669809621,-0.18,,,,,,
-0.169999142,0.1536436819,0.0087462239,-0.13,,,,,,
-0.319109058,-0.054619963,0.0423209411,-0.24,,,,,,
-0.309006424,-0.088786174,0.0005464533,-0.3,,,,,,
-0.282140754,0.1638863423,-0.068594436,-0.13,,,,,,
-0.021585954,0.1910358058,-0.027587184,-0.18,,,,,,
-0.338245556,0.0316641819,-0.031715889,-0.18,,,,,,
-0.022480841,-0.038089734,-0.015745838,-0.3,,,,,,
-0.343910316,0.0410406655,0.0162714605,-0.13,,,,,,
-0.115434445,0.1105726106,0.0745996309,-0.3,,,,,,
-0.270283569,0.1702849827,0.0724423013,-0.1,,,,,,
-0.190031409,-0.07335563,0.0331544343,-0.1,,,,,,
-0.19580572,0.1130994216,-0.051957359,-0.24,,,,,,
-0.310011158,0.1579722806,-0.021549487,-0.3,,,,,,
-0.283056854,0.0183906021,0.0104583727,-0.24,,,,,,
-0.264831302,0.1919979511,-0.010432571,-0.1,,,,,,
0.0086586077,-0.061205851,0.0566828136,-0.18,,,,,,
0.0171842402,-0.017024541,-0.071064245,-0.24,,,,,,
-0.182357939,-0.017354547,-0.051735101,-0.1,,,,,,
-0.055666794,0.199960684,-0.044420461,-0.13,,,,,,
-0.262857376,-0.077950415,-0.029957984,-0.24,,,,,,
-0.320962959,0.0089591342,-0.051328634,-0.24,,,,,,
-0.020941437,0.110829145,0.0192103383,-0.3,,,,,,
-0.185083793,0.1213069306,0.0464522349,-0.24,,,,,,
-0.309117463,0.0362791679,-0.058408499,-0.24,,,,,,
-0.327561022,-0.086590694,-0.072484976,-0.1,,,,,,
-0.326998083,0.0942147031,0.068366809,-0.1,,,,,,
-0.035162758,0.1898617607,0.0720938583,-0.18,,,,,,
-0.32740385,0.0609752185,0.0094069874,-0.24,,,,,,
-0.208849275,0.0177732427,-0.018076029,-0.24,,,,,,
-0.244707753,0.1630109251,0.054818626,-0.13,,,,,,
0.0145710408,0.0748271924,-0.068827188,-0.13,,,,,,
0.0135889236,0.1640290468,0.052463898,-0.18,,,,,,
-0.239019363,0.0980148407,-0.017133102,-0.13,,,,,,
0.0367586375,-0.022416911,-0.032593653,-0.3,,,,,,
-0.128208639,-0.024511387,-0.018612406,-0.13,,,,,,
-0.328558335,-0.045353463,0.0612970843,-0.13,,,,,,
0.0293978057,0.0121665157,-0.026049663,-0.1,,,,,,
-0.101842884,0.1081531554,-0.009387546,-0.1,,,,,,
-0.161676738,0.0720171064,0.0070568772,-0.1,,,,,,
-0.302477313,0.1147777212,-0.073102529,-0.24,,,,,,
-0.149130488,-0.022761655,-0.072014052,-0.13,,,,,,
0.0307368006,0.1993023021,-0.062645168,-0.24,,,,,,
-0.343675042,-0.035959424,-0.016555056,-0.1,,,,,,
-0.027451116,0.193484428,0.0180603567,-0.13,,,,,,
-0.075545676,0.1450841542,-0.031846112,-0.24,,,,,,
0.0189408954,0.1087439125,0.070733526,-0.18,,,,,,
-0.228776682,0.0330542011,-0.077612958,-0.24,,,,,,
-0.161635553,-0.02762225,0.0680216426,-0.18,,,,,,
-0.130756913,0.1309558311,-0.033804256,-0.13,,,,,,
0.0209409904,-0.032298819,0.0444588226,-0.24,,,,,,
-0.108962953,0.1121672503,-0.033210444,-0.3,,,,,,
0.0009767271,0.0580880759,-0.042250651,-0.3,,,,,,
-0.274320756,0.0822723759,-0.012638819,-0.24,,,,,,
0.0035799701,-0.081335525,0.0014799018,-0.13,,,,,,
-0.098391616,-0.001193451,0.0325269795,-0.18,,,,,,
-0.064114073,-0.074025607,0.0281222536,-0.3,,,,,,
-0.305235062,0.1273959818,-0.04905191,-0.3,,,,,,
-0.065576053,0.075934908,-0.051599917,-0.1,,,,,,
-0.149296658,0.1478934514,0.0059029247,-0.13,,,,,,
-0.147082672,0.1767943281,-0.045799005,-0.1,,,,,,
-0.113753715,0.0162516037,0.0073524927,-0.13,,,,,,
-0.190835746,0.0611925807,0.0519466994,-0.3,,,,,,
-0.151989603,0.1341518532,-0.040907315,-0.3,,,,,,
0.0431374229,0.0883639662,0.0783833946,-0.3,,,,,,
-0.348307086,-0.0486291,0.0200766862,-0.3,,,,,,
-0.318730571,-0.080823499,0.0285089839,-0.13,,,,,,
-0.345515935,0.1924841088,0.0076822862,-0.13,,,,,,
-0.024953414,-0.075021398,-0.024116786,-0.24,,,,,,
0.0036891671,0.1065780437,-0.024743132,-0.18,,,,,,
-0.029199091,-0.06023519,-0.042437214,-0.18,,,,,,
-0.148383571,0.005053364,0.0202649992,-0.13,,,,,,
-0.327012125,0.1672314637,-0.069451515,-0.3,,,,,,
-0.08109405,-0.029416868,-0.037078843,-0.3,,,,,,
-0.022976639,-0.049778469,0.0133674304,-0.18,,,,,,
-0.224694371,-0.096882866,-0.070574343,-0.24,,,,,,
0.0323141613,-0.018334799,0.0775542374,-0.3,,,,,,
-0.043609348,0.0554669456,0.0183247811,-0.24,,,,,,
-0.019989574,-0.073742432,0.045952535,-0.18,,,,,,
-0.029038278,0.0292057631,0.0615045727,-0.3,,,,,,
-0.175347466,0.1113949191,0.034360181,-0.13,,,,,,
-0.307198119,0.1432447559,0.0374039702,-0.18,,,,,,
-0.033626236,0.0220712769,-0.037647599,-0.24,,,,,,
0.0010996517,-0.087298091,0.0368137365,-0.13,,,,,,
-0.272995672,-0.087912214,0.0125219442,-0.13,,,,,,
-0.091361214,0.1458491521,-0.066258494,-0.13,,,,,,
-0.260367066,0.0724193594,0.0599498489,-0.24,,,,,,
-0.249055836,-0.015816393,-0.061118167,-0.13,,,,,,
-0.333487607,0.1439293082,0.0647890338,-0.13,,,,,,
-0.031622405,0.0100768882,0.0141448418,-0.3,,,,,,
-0.014230454,0.1320428795,0.0010869337,-0.13,,,,,,
-0.297745922,0.0033923363,0.0409137936,-0.13,,,,,,
-0.171012876,-0.099962404,0.0553637393,-0.18,,,,,,
-0.296191049,0.0150603109,-0.07092007,-0.1,,,,,,
0.0346262266,0.0862512291,0.0628851605,-0.1,,,,,,
-0.236909397,0.1425487641,-0.071738013,-0.24,,,,,,
-0.18543956,-0.052725923,0.0634525362,-0.13,,,,,,
-0.202753218,-0.004606176,-0.003031542,-0.13,,,,,,
-0.125529226,-0.091710866,-0.030117145,-0.18,,,,,,
-0.117141597,0.1559910535,0.0656029426,-0.24,,,,,,
-0.073567003,-0.072058748,0.0152434107,-0.13,,,,,,
-0.261812383,0.1435929979,0.0050510184,-0.1,,,,,,
0.0482995693,-0.031239514,-0.078652834,-0.18,,,,,,
-0.346344454,0.1680524052,0.0769616406,-0.1,,,,,,
0.0189211891,0.1954841632,-0.029971007,-0.24,,,,,,
-0.285058683,-0.026825793,-0.033942612,-0.13,,,,,,
-0.177512655,-0.028885589,0.038853647,-0.24,,,,,,
-0.156980424,0.1707260799,-0.01202564,-0.13,,,,,,
-0.133231222,-0.088746169,-0.071794561,-0.24,,,,,,
0.0143770828,0.0279073576,0.0749874941,-0.24,,,,,,
-0.012319885,0.1705534192,-0.033429888,-0.3,,,,,,
-0.25015382,-0.079701729,-0.004553121,-0.18,,,,,,
-0.146199299,0.0245910998,-0.05279206,-0.1,,,,,,
-0.09610294,0.1482528634,0.0289126919,-0.24,,,,,,
-0.161951801,0.10771832,0.041124659,-0.24,,,,,,
-0.09947996,0.1972145304,-0.074291986,-0.18,,,,,,
-0.236214773,0.063627027,0.0174409255,-0.3,,,,,,
-0.341909397,0.1864884054,0.0283744625,-0.24,,,,,,
-0.209611625,-0.089027208,0.0744178038,-0.3,,,,,,
-0.16506524,-0.045474949,0.0109291998,-0.13,,,,,,
-0.31687308,0.1082874785,-0.047718957,-0.24,,,,,,
-0.3319955,0.1935673838,0.0363446422,-0.3,,,,,,
-0.345364248,-0.018508617,-0.02746535,-0.3,,,,,,
-0.298715899,0.1189348897,0.0220106183,-0.3,,,,,,
-0.119037108,0.1496226752,-0.037316832,-0.1,,,,,,
-0.348376295,0.1509708152,0.073303091,-0.24,,,,,,
-0.277706886,0.0038645057,0.0797371835,-0.13,,,,,,
-0.273131238,0.1674644451,0.0565400579,-0.18,,,,,,
-0.056119164,-0.084928935,0.0201881498,-0.1,,,,,,
-0.072384465,0.1325844808,0.0296802903,-0.18,,,,,,
-0.12497885,-0.010535332,0.0361422337,-0.3,,,,,,
-0.256085613,0.1279986774,-0.070211846,-0.13,,,,,,
-0.108885645,-0.004442879,-0.062073325,-0.13,,,,,,
-0.041340877,-0.058557585,0.0354963251,-0.24,,,,,,
0.0450063716,-0.003385909,0.0309332999,-0.18,,,,,,
-0.208504022,0.0687046818,-0.030265831,-0.13,,,,,,
0.0132981825,0.1133215942,-0.002046254,-0.3,,,,,,
-0.205490558,-0.0976862,0.0292470437,-0.3,,,,,,
-0.223240804,0.0094055183,0.0748845379,-0.3,,,,,,
-0.239878487,-0.078292343,0.0431646751,-0.3,,,,,,
-0.165153678,0.1598286765,-0.064934768,-0.24,,,,,,
-0.111686031,0.1455400135,-0.007850295,-0.3,,,,,,
-0.011722828,0.1185487375,-0.009661074,-0.24,,,,,,
-0.143194061,-0.013049389,0.0767613747,-0.24,,,,,,
-0.168530161,0.0022369691,0.0437883088,-0.24,,,,,,
-0.087606433,-0.082739746,0.0111580235,-0.13,,,,,,
-0.106838888,0.0472648318,0.0178999463,-0.1,,,,,,
-0.33597726,0.1759435881,-0.041929184,-0.1,,,,,,
-0.347796628,-0.079085614,-0.015129432,-0.13,,,,,,
-0.122958826,0.0801478753,0.0204427776,-0.1,,,,,,
-0.286014686,-0.076468141,-0.042834504,-0.3,,,,,,
-0.109384031,-0.093264164,-0.010406645,-0.13,,,,,,
-0.032434396,-0.095705687,-0.079239203,-0.13,,,,,,
-0.224068368,0.1564254173,-0.043551686,-0.1,,,,,,
-0.322331332,0.0689291851,-0.024167172,-0.24,,,,,,
-0.199246611,0.0047012448,-0.042064385,-0.24,,,,,,
-0.101989985,0.0495864936,-0.035994406,-0.24,,,,,,
-0.179249075,-0.014404913,-0.029291445,-0.3,,,,,,
-0.121321377,-0.079288213,-0.024776781,-0.1,,,,,,
-0.340318738,-0.083889283,0.0177080549,-0.18,,,,,,
-0.219176929,-0.058065435,0.0619476157,-0.1,,,,,,
0.0495125327,-0.000380906,0.0713546504,-0.13,,,,,,
-0.325622191,0.1394341231,-0.032748747,-0.13,,,,,,
-0.162239998,0.1863267703,-0.014568933,-0.1,,,,,,
-0.005182648,0.0125655147,0.0490559807,-0.18,,,,,,
0.0416404489,-0.053755302,-0.067870567,-0.18,,,,,,
-0.212444895,-0.083608173,-0.000317811,-0.13,,,,,,
-0.33867355,-0.026655376,-0.063529152,-0.1,,,,,,
-0.059708901,0.1263360329,-0.053226138,-0.13,,,,,,
-0.283493411,0.1997646603,0.0684472402,-0.18,,,,,,
-0.155448778,-0.090377496,0.0302047112,-0.13,,,,,,
-0.233939467,-0.014174579,0.0556525433,-0.13,,,,,,
-0.035498934,-0.055912735,0.0487650371,-0.13,,,,,,
-0.341613275,0.0262778198,-0.069896526,-0.24,,,,,,
-0.19315783,-0.002961299,-0.053182157,-0.18,,,,,,
-0.050820698,0.1664752525,-0.039386348,-0.24,,,,,,
-0.261387347,-0.072148908,-0.07978843,-0.13,,,,,,
-0.212398114,0.184193124,-0.032376546,-0.3,,,,,,
-0.258318636,0.0064470491,0.0018962983,-0.1,,,,,,
-0.329255885,-0.093674594,0.023585903,-0.3,,,,,,
0.0489093753,0.1825871121,0.0214741308,-0.18,,,,,,
-0.196793021,0.0769988033,-0.073603722,-0.3,,,,,,
-0.192443929,0.0435720178,-0.041059087,-0.13,,,,,,
0.0457600411,0.1234999516,0.005572555,-0.24,,,,,,
-0.096341373,-0.007889089,-0.006378816,-0.18,,,,,,
-0.160830681,0.1390829029,-0.047288694,-0.1,,,,,,
-0.156244922,0.0707804419,-0.006260092,-0.24,,,,,,
-0.336570594,0.1967640411,-0.001543518,-0.18,,,,,,
-0.037895524,0.105280612,0.0000503014,-0.3,,,,,,
-0.107761128,0.1445674784,0.0575929956,-0.13,,,,,,
-0.343551573,0.1692624336,-0.058897772,-0.24,,,,,,
-0.170452338,0.0502675353,-0.024664481,-0.18,,,,,,
-0.294005315,-0.062500545,-0.056411107,-0.13,,,,,,
-0.140413213,0.1009206265,-0.043048574,-0.3,,,,,,
-0.015728261,0.1220028504,-0.03835826,-0.1,,,,,,
-0.104088559,-0.026560166,-0.013960092,-0.1,,,,,,
-0.324025147,0.1004971578,0.0159478337,-0.1,,,,,,
-0.048418744,-0.040781224,0.0307712038,-0.1,,,,,,
-0.287060031,0.0533332011,0.0647360899,-0.18,,,,,,
-0.208130197,-0.030122926,0.071057685,-0.24,,,,,,
-0.19155869,0.1850449885,0.0026340404,-0.13,,,,,,
-0.140146733,-0.041370865,0.0496889755,-0.13,,,,,,
-0.21675963,0.0806097146,0.0304712841,-0.24,,,,,,
-0.241342408,0.1221648925,0.0261460653,-0.13,,,,,,
-0.120517387,-0.008803273,-0.034233875,-0.24,,,,,,
-0.13773323,0.0018220602,0.0060221668,-0.18,,,,,,
