RF_amplitude,U2,loading_signal,lost_signal,model_Ex,model_Ey,model_Ez,model_mean,obs_Ex,obs_Ey,obs_Ez,obs_value,ratio_lost,ratio_signal,timestamp,trapped_signal
2.5,0.1,6423.0,16.0,0.06055167989176441,0.23747685390102286,0.34687883290185906,2.2045347789581524,-0.07181158581819974,0.04106034881656817,-0.08401973746166341,0.0006209251785159888,0.004218296862641709,0.0006209251785159888,20260220_025420,2.0
2.5,0.1,6861.0,16.0,-0.03003827309977153,-0.1117145136876174,0.2126889383821605,2.0255409093537966,-0.01510016629525096,-0.11334588184094946,0.21824542013996126,0.00034042553191489364,0.004267804747932782,0.00034042553191489364,20260220_025542,2.0
2.5,0.1,6555.0,14.0,0.027707105693676848,0.2083468638851449,0.16684533504803659,2.2871186346997634,-0.29050573745507174,-0.09718776802455231,0.3286952233116789,0.0004731488052992666,0.0026360384108454153,0.0004731488052992666,20260220_025715,2.0
2.5,0.1,6893.0,18.0,-0.28585339130030385,-0.17258606117206507,0.3026599776065857,2.7385210916282015,-0.2641850727574931,-0.15556390907044498,0.2931650686445775,0.0010333247222939809,0.003758221108675227,0.0010333247222939809,20260220_025835,4.0
2.5,0.1,7015.0,12.0,-0.15500618090898194,0.11255910718071799,0.2748564610929549,2.415929073103303,-0.16792462187509102,-0.0436456699279634,0.22713834805146924,0.0004143360265175057,0.0024313153415998056,0.0004143360265175057,20260220_025956,2.0
2.5,0.1,6465.0,16.0,0.05329640449905931,0.143704619801914,-0.015094341323001081,2.3865212033507275,0.08031798273904223,0.16103953328030762,-0.08456417638304886,0.0008274720728175424,0.004362050163576881,0.0008274720728175424,20260220_030131,2.0
2.5,0.1,6545.0,12.0,-0.10454768899592276,0.1066294211070532,0.2623007634987605,2.6252678608651,-0.08920666579962394,0.10524549232678176,0.26771402682435164,0.00033789491468153406,0.004027386226339106,0.00033789491468153406,20260220_030257,2.0
2.5,0.1,6297.0,12.0,-0.3473834003067388,0.11597671081294919,0.24524046939846803,2.3666347233028144,-0.3434270652235327,0.11105001431499983,0.2656952106912277,0.00046565774155995343,0.004411116012351125,0.00046565774155995343,20260220_030418,2.0
2.5,0.1,6459.0,14.0,0.14441544026609127,0.24171911734832802,0.06201801198186116,3.48509324491031,0.1278181367113188,0.2427026248994542,0.07241092383109682,0.0005689900426742532,0.003459352606869286,0.0005689900426742532,20260220_030626,2.0
2.5,0.08,6429.0,14.0,-0.004387109625101637,-0.14410053800021894,0.349611946985362,1.5346252303959895,-0.003705876282690035,-0.16003967366128416,0.35657309050891006,0.00033096144299189144,0.0026681913474366306,0.00033096144299189144,20260220_030804,2.0
2.5,0.08,6537.0,10.0,-0.3435482776681818,-0.025596763594631644,0.27355847961960744,1.5137890102876577,-0.34263561582520324,-0.06844606752101243,0.3015302593304825,0.0005028916268544129,0.0031575623618566467,0.0005028916268544129,20260220_030924,2.0
2.5,0.08,6139.0,14.0,-0.12068144287317623,-0.06890046460382859,-0.09178284374037791,2.65539067899694,-0.15006863454728842,-0.063225450890566,-0.09723148616023863,0.0007176175098672408,0.0030428167789610956,0.0007176175098672408,20260220_031045,2.0
2.5,0.08,6527.0,16.0,-0.11615759443953375,-0.11950605822042784,-0.09226429468551256,1.9535603479635455,-0.06596400226661392,-0.16910288917750144,-0.09689553738803215,0.0008565310492505353,0.005285761480013214,0.0008565310492505353,20260220_031205,4.0
2.5,0.08,6191.0,28.0,0.03819666195655702,0.103839126582561,0.032019224999803364,1.9615915825580792,0.018058735563939055,0.07501367910462603,0.04534976521035425,0.0015155342258145997,0.007072493053801465,0.0015155342258145997,20260220_031434,6.0
2.5,0.08,6483.0,14.0,-0.2586134227459606,-0.20266862675889752,0.0837380479177772,2.3920925461572247,-0.33914356549077984,-0.24023688213003153,0.3880218048701787,0.0007207207207207207,0.004357298474945534,0.0007207207207207207,20260220_031554,2.0
2.5,0.08,6245.0,18.0,-0.010191851007758712,0.18507634889781938,0.07919667902653788,2.951126440054484,-0.06070316134994391,0.16938976062002015,0.04100059387233898,0.0005467468562055768,0.004920721705850191,0.0005467468562055768,20260220_031722,2.0
2.5,0.08,7065.0,14.0,-0.12959821811849767,-0.038447885997073716,0.23043085736910326,1.5292304742314884,-0.14057742731361844,-0.05847013917267846,0.1987785846357579,0.0004010427110487267,0.003756372417493963,0.0004010427110487267,20260220_031845,2.0
2.5,0.08,6773.0,16.0,-0.06568235205986561,0.08656031193619929,0.1773119943148809,2.316739516663219,-0.08322234809268514,0.07681518553832789,0.2011934807532937,0.00035106196243637,0.004256828662646328,0.00035106196243637,20260220_032006,2.0
2.5,0.060000000000000005,6525.0,34.0,-0.2643475386685502,0.0461795145743894,0.042771957461792354,2.8999595933943985,-0.2618581033739809,0.0536154821230152,0.03247967509364802,0.013971539456662354,0.007697532261716097,0.013971539456662354,20260220_032126,54.0
2.5,0.060000000000000005,6469.0,30.0,0.07535461931957199,0.03236624171989466,0.009637125805007474,2.127915449867922,0.10601443540198624,0.019361661225984983,0.014188924168950123,0.010256410256410256,0.008862629246676515,0.010256410256410256,20260220_032246,30.0
2.5,0.060000000000000005,6599.0,30.0,-0.3312380188429847,0.15354221183347833,0.05206705479949708,3.255668093866239,-0.34131347154422237,0.12647653418512633,0.03536848272111881,0.0050520997789706345,0.0061749571183533445,0.0050520997789706345,20260220_032406,16.0
2.5,0.060000000000000005,6677.0,40.0,0.0399063770727936,0.1415697083260486,0.016975471302308018,2.1020662539990393,-0.0029543414057247586,0.13329076170645587,0.017299190808296103,0.006255864873318737,0.009383063570255689,0.006255864873318737,20260220_032527,20.0
2.5,0.060000000000000005,7259.0,30.0,0.09518239992942362,0.057614563343941605,0.0047861662757450185,1.8124304038165404,0.11095570944011829,0.08042941519655433,0.022278611861586348,0.013015184381778741,0.008239494644328481,0.013015184381778741,20260220_032652,42.0
2.5,0.060000000000000005,6895.0,70.0,-0.15218683579125744,0.09031893138762875,0.05314403578223051,2.546793527552507,-0.15130792138561355,0.08403882810440699,0.02858706466566094,0.017902097902097902,0.014190147982971822,0.017902097902097902,20260220_032812,64.0
2.5,0.060000000000000005,6801.0,12.0,0.03472219612522309,0.23151878182236246,0.2778560383907961,2.0899786653207544,-0.31601842152895127,-0.14285213546112047,0.17947505314885034,0.0005808887598024978,0.0036036036036036037,0.0005808887598024978,20260220_032933,2.0
2.5,0.060000000000000005,6743.0,58.0,-0.22676993614966473,0.03181930475816319,0.07863351226020043,1.7552771371825544,-0.04980116122358036,-0.21889813175643524,-0.06851514965725009,0.000892458723784025,0.010933081998114986,0.000892458723784025,20260220_033053,2.0
2.5,0.060000000000000005,6367.0,30.0,-0.27205004881947054,0.08839409454041647,0.028447004113004493,3.1701569630703794,-0.2728882170085283,0.06893768620598822,0.02698924647287615,0.005255474452554744,0.008748906386701663,0.005255474452554744,20260220_033216,18.0
2.5,0.04000000000000001,6425.0,62.0,0.040852321788937496,0.013505310209299681,0.04699873914358518,3.0746210395476345,0.033968679542400904,0.05316508738621356,0.043293435719587076,0.06420726555899746,0.013677476285020957,0.06420726555899746,20260220_033337,228.0
2.5,0.04000000000000001,6661.0,54.0,0.08732275577975607,-0.0866283614089266,0.038704036699013455,2.118480300100741,-0.26580514264912875,0.16021859513975534,0.04539726808005015,0.0370003303600925,0.015683996514667443,0.0370003303600925,20260220_033505,112.0
2.5,0.04000000000000001,6589.0,78.0,-0.055060980390318814,-0.11713024385786819,0.06123554977849785,2.411143222282817,-0.03483130500417714,-0.07787209963379865,0.048509523483299066,0.05165666579702583,0.0197318492284341,0.05165666579702583,20260220_033630,198.0
2.5,0.04000000000000001,6603.0,86.0,-0.16336230895884934,0.009552156808395884,0.02885000674817567,2.7785229695465388,-0.16671422496880273,0.00814070899441982,0.04549868078075728,0.04308884047446139,0.017169095627869835,0.04308884047446139,20260220_033806,178.0
2.5,0.04000000000000001,6403.0,72.0,-0.14838164156013034,0.04363773746141797,0.03617628458437841,2.9781599855346856,-0.18046093362405388,0.02457119285228898,0.0497528118688112,0.04498633592600378,0.016771488469601678,0.04498633592600378,20260220_033927,214.0
2.5,0.04000000000000001,6165.0,70.0,0.0036039530127562336,-0.0004842928739212382,0.04945563019992125,2.3448563474800816,0.03145508709296729,-0.02484080120408974,0.04868444099138686,0.0659513216435488,0.014878397711015737,0.0659513216435488,20260220_034055,252.0
2.5,0.04000000000000001,5939.0,78.0,-0.2736962088609647,0.1445744658429609,0.025517121144187832,1.90903766950306,-0.22506987973189793,0.07207220970889433,0.04708329565575689,0.05429864253393665,0.01758737316798196,0.05429864253393665,20260220_034215,204.0
2.5,0.04000000000000001,5541.0,72.0,-0.034664640753392484,0.08465544233980016,0.04860331185976621,2.45705842479869,-0.054322753909912036,0.05307948459496947,0.045862352731256106,0.06465634338494974,0.016219869339941427,0.06465634338494974,20260220_034346,238.0
2.5,0.04000000000000001,6251.0,32.0,-0.01937419051280992,0.02712278392041101,0.04567791894944845,1.7854909725612835,-0.03673025824946552,0.060541516587183875,0.040123762201230484,0.06805778491171749,0.008543965824136704,0.06805778491171749,20260220_034507,212.0
2.5,0.020000000000000004,6281.0,70.0,-0.19071400155993606,-0.0498210071866563,0.06095332995783459,2.370444906988605,-0.17978831208743487,-0.047708653761295405,0.07485164457459959,0.07605704278208657,0.017513134851138354,0.07605704278208657,20260220_034627,304.0
2.5,0.020000000000000004,5947.0,68.0,-0.32272326684898595,0.0682531744076928,0.05773694325198936,2.8336954285803078,-0.31230007359592227,0.07198082527830646,0.058285583555211934,0.10404261986837982,0.02086529610309911,0.10404261986837982,20260220_034747,332.0
2.5,0.020000000000000004,6021.0,62.0,-0.17426219183479338,-0.10006748295879081,0.0547781081155887,2.885758883166444,-0.1741268393880428,-0.11109364386322101,0.0663031687560523,0.11709159584513693,0.018885741265344664,0.11709159584513693,20260220_034940,372.0
2.5,0.020000000000000004,6173.0,54.0,-0.05882215400814256,0.1361392612784587,0.06141183081291879,2.3794259231364228,-0.03267781758224819,0.12987768424197482,0.052851375379676435,0.10269799825935597,0.015819896562214785,0.10269799825935597,20260220_035101,354.0
2.5,0.020000000000000004,5591.0,110.0,-0.21988477687812225,0.127106833846227,0.05528853398903372,2.7300890379885927,-0.22205292642872465,0.13854336852297106,0.05462629280888895,0.10989010989010989,0.02869814766501435,0.10989010989010989,20260220_035229,310.0
2.5,0.020000000000000004,5643.0,76.0,-0.053713527253019755,0.09078253601091146,0.042042230244497464,2.006384548979701,-0.04870750399469648,0.10528910901354654,0.05389499255348132,0.10112684195319271,0.01880722593417471,0.10112684195319271,20260220_035350,350.0
2.5,0.020000000000000004,5443.0,64.0,0.02542731286458133,-0.015742399118574613,0.06897554255884053,2.3804783357603156,0.021893810973853456,-0.03758081065405308,0.05645701862700869,0.10086541330945986,0.017822333611807295,0.10086541330945986,20260220_035541,338.0
2.5,0.020000000000000004,6401.0,74.0,-0.04069685303915166,0.04888036152620545,0.05738030780418096,2.36101854917722,-0.041673295794420306,0.07029122926144465,0.05413631497360302,0.11282194848824188,0.023296858453935757,0.11282194848824188,20260220_035721,403.0
2.5,0.0,5847.0,92.0,-0.18400212896731694,-0.020033922768981,0.06877402304731178,2.0130089932322446,-0.17861301996875356,-0.04224308839610441,0.06649995789815336,0.13894165535956582,0.01735052754982415,0.13894165535956582,20260220_035910,530.0
2.5,0.0,5955.0,108.0,-0.07304056627256544,-0.07586623651781674,0.08142915452186539,1.701959246575763,-0.047667656551604376,-0.08274965412616242,0.06490238647115038,0.15771499534306116,0.021561189858255142,0.15771499534306116,20260220_040105,508.0
2.5,0.0,6267.0,78.0,-0.10462557110032378,-0.06189373161845149,0.07707773207593036,2.0730094394688985,-0.012502074337348401,-0.043660485279313294,0.06422715931528067,0.16232404911650195,0.017959935528436565,0.16232404911650195,20260220_040314,566.0
2.5,0.0,5899.0,86.0,0.003105293165436951,-0.0379577850521248,0.06834703235645379,2.100700758020954,-0.0004859739795691209,-0.043553132624915114,0.06672969630000411,0.1656127672387835,0.02261803788521346,0.1656127672387835,20260220_040457,550.0
2.5,0.0,5975.0,72.0,-0.02062663897222161,0.13450502086730992,0.05667013946198604,2.1039996848677953,-0.040785708656260355,0.1312945782841855,0.05426309252264902,0.15942536790469516,0.018381414347715088,0.15942536790469516,20260220_040728,486.0
2.5,0.0,6001.0,74.0,-0.16879146676480913,-0.036535583233079205,0.05621505924332429,2.0318845421869995,-0.15352216018973905,-0.036187857992592054,0.06567579467803408,0.13417136993329912,0.01863684771033014,0.13417136993329912,20260220_040926,523.0
2.5,0.0,5857.0,72.0,-0.15035259377455976,-0.16113003933529457,0.07424682827964538,2.190834795277715,-0.13977369096533435,-0.1596634563075458,0.06851948020962353,0.162033650329188,0.018741633199464525,0.162033650329188,20260220_041218,494.0
2.5,0.0,6225.0,66.0,-0.15296029124733412,-0.12244070576380067,0.07366716707759799,2.2570313873281393,-0.15122150190836134,-0.13245696038587637,0.07340220668446773,0.20126413838988688,0.01929474384564205,0.20126413838988688,20260220_041406,605.0
2.5,0.0,6719.0,80.0,-0.24427538486542152,-0.1031178837394513,0.07218024451080246,1.8879540637212404,-0.2544100815297281,-0.08391302211825935,0.06600353214323601,0.17000377786173027,0.01891132123690263,0.17000377786173027,20260220_041539,490.0
2.5,-0.01999999999999999,6407.0,87.0,-0.04122284526815051,0.06684007571426975,0.07817691307998806,2.068653504102584,-0.17781184858315113,-0.0939604635561197,0.07838271852960604,0.1888134497251859,0.02080344332855093,0.1888134497251859,20260220_041735,652.0
2.5,-0.01999999999999999,6481.0,84.0,-0.07478436049169096,-0.07823230936368492,0.07292239715856935,1.883389618297485,-0.07720312449829231,-0.08818118648722811,0.07362388785203516,0.18377581120943953,0.021164021164021163,0.18377581120943953,20260220_042012,630.0
2.5,-0.01999999999999999,6905.0,74.0,0.014791921408996211,-0.03926125007498463,0.07766581674408138,1.9239794718704697,-0.0019787654131377397,-0.054269794751877154,0.0694773463032905,0.18510702441965632,0.017094017094017096,0.18510702441965632,20260220_042457,614.0
2.5,-0.01999999999999999,6653.0,80.0,-0.02388283451338391,0.10485956095128734,0.08386793385305852,1.7428597473915288,-0.01974414742459002,0.13118558089940835,0.0667716043958782,0.1717612809315866,0.022325581395348838,0.1717612809315866,20260220_042807,590.0
2.5,-0.01999999999999999,6557.0,80.0,0.014686559970554458,0.06222186825789028,0.07262426213059872,1.7417590731966248,-0.006423685060478357,0.06141540317541444,0.06217781630238994,0.17391304347826086,0.01964154186103609,0.17391304347826086,20260220_042953,604.0
2.5,-0.01999999999999999,6697.0,84.0,-0.2016516002331886,-0.07803732198456037,0.08252809247480675,1.9161271426568993,-0.18556096712616618,-0.09889438866310343,0.08176637094097353,0.20312002546959568,0.01973893664438077,0.20312002546959568,20260220_043502,650.0
2.5,-0.01999999999999999,6887.0,72.0,-0.04230673763266668,0.1379540513333231,0.06733381052569684,1.7799727177946822,-0.03308387916750921,0.147878489057454,0.05787493104320868,0.18328298086606243,0.019647500722334586,0.18328298086606243,20260220_043736,594.0
2.5,-0.01999999999999999,6579.0,84.0,-0.01748593062014492,-0.008075939687753053,0.07503888986909935,2.032889565952282,-0.01644780351745173,-0.03258908439737654,0.0661398755462958,0.19451003541912631,0.019943019943019943,0.19451003541912631,20260220_044044,672.0
2.5,-0.01999999999999999,6637.0,86.0,-0.16268671895560194,-0.06770481515677992,0.09115657902680746,1.9525219759936563,-0.18378532057099847,-0.10448212666396775,0.08607476187527807,0.1686335403726708,0.02242549424609029,0.1686335403726708,20260220_044306,620.0
2.5,-0.04000000000000001,6169.0,66.0,0.012905643635064079,-0.006022104523713073,0.08776368279838312,2.1151156746197435,0.015279359712921325,0.0052400521355241425,0.06870042486960795,0.20689655172413793,0.02042711234911792,0.20689655172413793,20260220_044537,654.0
2.5,-0.04000000000000001,6695.0,78.0,-0.07517666763572689,-0.13649679123073327,0.07333554661573619,2.024004341440926,-0.08238997051884867,-0.1281609171228102,0.07933792554644825,0.22210814510609173,0.021512179689971527,0.22210814510609173,20260220_044700,721.0
2.5,-0.04000000000000001,5951.0,66.0,-0.0748622208646561,-0.06372061575313862,0.08363913974233261,2.10066157699581,-0.05641334627961603,-0.06130353139170988,0.07888169457100244,0.2385502471169687,0.018330605564648116,0.2385502471169687,20260220_045118,724.0
2.5,-0.04000000000000001,6463.0,44.0,0.06598976632300779,-0.03834682165415726,0.04289054150811586,2.1213409555239813,0.06277859514281259,-0.04191996446037327,0.062246513062212266,0.12545824847250509,0.01583303346527528,0.12545824847250509,20260220_045251,308.0
2.5,-0.04000000000000001,6299.0,70.0,-0.0483852598442952,-0.04697693719393692,0.08293420307537391,1.7975337143973622,-0.1001489712287329,-0.1104403253087414,0.08368918160051272,0.22555630478759273,0.02201950298836112,0.22555630478759273,20260220_045414,722.0
2.5,-0.04000000000000001,6239.0,80.0,-0.09075681460639667,-0.1428014643038863,0.08470551630025328,2.3452211064716524,-0.09184079752495583,-0.14430467355202897,0.07812876036973276,0.20225127087872186,0.021013921723141583,0.20225127087872186,20260220_045916,574.0
2.5,-0.04000000000000001,6569.0,72.0,-0.00765813010395755,-0.08570290872642189,0.08219730052213542,1.78813401316391,-0.01970443359381624,-0.0767167787253866,0.07372167059776674,0.2190990990990991,0.022036727879799666,0.2190990990990991,20260220_050040,656.0
2.5,-0.04000000000000001,6569.0,68.0,-0.0383065927228618,-0.04153061951449305,0.0769297144357533,2.003831896805855,-0.058043020152621916,-0.05914965274287118,0.0781484895857946,0.2346483704974271,0.018284485076633505,0.2346483704974271,20260220_050412,684.0
2.5,-0.04000000000000001,6455.0,80.0,-0.048333232067841014,0.03259195802946341,0.08239831512536089,2.060267303058712,-0.04102027629968075,0.016459101908808227,0.08166520584982179,0.18884841692350798,0.019459985405010947,0.18884841692350798,20260220_050626,674.0
2.5,-0.06,6287.0,64.0,-0.06853957637902869,-0.0057990381310471795,0.09397180068782524,2.0980948424582633,-0.05039980484441803,-0.011575246594793004,0.10189118614085912,0.2165316045380875,0.015019948368927482,0.2165316045380875,20260220_050827,668.0
2.5,-0.06,6315.0,72.0,-0.11491860352617428,-0.043976014131228675,0.08798026944919371,1.8381941044776653,-0.12275363090385194,-0.07023101080216215,0.0866628521197883,0.24699453551912567,0.018813692187091717,0.24699453551912567,20260220_050950,746.0
2.5,-0.06,5877.0,94.0,-0.07907820286229483,-0.03447368434650855,0.09063020488821483,1.7283109130964744,-0.09514297903686209,-0.051815759711269976,0.09762154584198679,0.25027046520014423,0.024587706146926538,0.25027046520014423,20260220_051414,694.0
2.5,-0.06,5571.0,72.0,-0.09073217014687374,0.03796007011225816,0.09539134389229803,1.8741188444109114,-0.12464329042094319,-0.07602370168445968,0.09877330882981664,0.2530164533820841,0.02269145918688938,0.2530164533820841,20260220_051815,692.0
2.5,-0.06,5491.0,64.0,-0.04853957922951335,-0.057359792849432795,0.07668488931179412,1.87201886648248,-0.039346070232769204,-0.04943379660984612,0.08220490062631791,0.2682429677945373,0.017190437818963202,0.2682429677945373,20260220_052218,658.0
2.5,-0.06,5699.0,68.0,-0.14540442882932902,-0.041441737264513834,0.09569571030209928,1.678359847519909,-0.16029387919618696,-0.05420681308486647,0.1089065359809697,0.2261625961860154,0.020687354020687353,0.2261625961860154,20260220_052419,676.0
2.5,-0.06,5485.0,58.0,-0.08759971771378577,-0.02164675703347449,0.08999490353027642,1.8574860157170814,-0.06245045652071979,-0.0522774979318012,0.09071315741958696,0.23799753795650389,0.01936264622831787,0.23799753795650389,20260220_052721,656.0
2.5,-0.06,6185.0,78.0,-0.029740665693093638,0.026658908923468283,0.0873322847932767,1.8426826205799192,-0.0493632982727778,0.06745425644697067,0.09007969136620947,0.2425287356321839,0.023184452778724857,0.2425287356321839,20260220_052951,646.0
2.5,-0.06,6083.0,68.0,-0.132946792859119,-0.09406486920272891,0.09336432490584995,2.060502666791003,-0.12389425932075435,-0.10044755243530532,0.09023244904160613,0.25633187772925764,0.023588277340957826,0.25633187772925764,20260220_053202,646.0
2.5,-0.07999999999999999,5783.0,74.0,-0.08408641905303593,-0.02639686496065144,0.10143647000514439,2.0329492819951698,-0.11585538773083645,-0.03426522380278044,0.10786076759562549,0.25600961538461536,0.023896448722203784,0.25600961538461536,20260220_053353,696.0
2.5,-0.07999999999999999,5621.0,60.0,-0.16234998972627926,-0.024841746435058265,0.1146828289677855,2.02894289756605,-0.113026070178771,-0.01589883574676096,0.12593165218488486,0.24385572933290775,0.02002002002002002,0.24385572933290775,20260220_053645,764.0
2.5,-0.07999999999999999,5727.0,82.0,-0.13191467686946412,-0.04937697701277194,0.1244863663757855,1.88974963560909,-0.09441292904904464,-0.01471271134946156,0.12495102971211589,0.2529832935560859,0.028019689511548655,0.2529832935560859,20260220_054022,768.0
2.5,-0.07999999999999999,5575.0,44.0,-0.21646092527874358,-0.04101347154088941,0.11617681398069546,3.1597066631597257,-0.21899313818212546,-0.02822103862723674,0.1139722244000288,0.18861080885019949,0.01735700197238659,0.18861080885019949,20260220_054450,520.0
2.5,-0.07999999999999999,5641.0,78.0,-0.14759918228497432,-0.05120496020727175,0.10533447129627863,1.977991005718127,-0.1463323633237459,-0.04540321963491617,0.11529685221662678,0.2541592920353982,0.022116903633491312,0.2541592920353982,20260220_054626,740.0
2.5,-0.07999999999999999,5677.0,70.0,-0.11603577038590743,-0.03901922670429406,0.10264733615777463,1.9558200224860993,-0.12426913893500352,-0.044604994592670894,0.11991029342748083,0.25908600215905003,0.01893222264293828,0.25908600215905003,20260220_055008,720.0
2.5,-0.07999999999999999,6297.0,76.0,-0.04451675915453068,-0.04624959879721405,0.09468424234473943,1.9073664281094782,-0.04947905882192927,-0.04641799050533557,0.09496769957063811,0.25412143144350624,0.023997473950110516,0.25412143144350624,20260220_055257,694.0
2.5,-0.07999999999999999,6409.0,94.0,-0.0868276069045309,-0.015797076667911913,0.10663214846585478,1.933705812966651,-0.12466165943988491,-0.022002292092616865,0.1062399948893252,0.2436036036036036,0.022008897213767267,0.2436036036036036,20260220_055552,734.0
2.5,-0.07999999999999999,5921.0,72.0,-0.12898260296395123,-0.06970102168853967,0.11293771558393206,1.9163661436677306,-0.12887832073344702,-0.07300908297212752,0.1120137301853856,0.2639698320191978,0.020753512132822477,0.2639698320191978,20260220_055907,770.0
2.5,-0.1,6213.0,60.0,-0.12454555256491806,-0.024708583964290765,0.12998999217004698,1.9677128825432917,-0.12911746990055795,-0.041281018611563275,0.13672645370790518,0.2493675460787857,0.01812478215406065,0.2493675460787857,20260220_060234,742.0
2.5,-0.1,6417.0,58.0,-0.09923245986716489,-0.06201030086212797,0.13359935823619754,1.9777109694034616,-0.11473794613036375,-0.03947872922469864,0.13671280662384327,0.2590106007067138,0.02049469964664311,0.2590106007067138,20260220_060549,750.0
2.5,-0.1,5929.0,66.0,-0.14610579230190177,0.06217445053465015,0.12526624293974079,1.9996788351077983,-0.14501273152848443,0.04909733656372961,0.13356788335343575,0.23617619493908154,0.01768444321635811,0.23617619493908154,20260220_060747,762.0
2.5,-0.1,6161.0,64.0,-0.14021006388995205,-0.05021022970717645,0.12202391824023354,1.9736228860460479,-0.14130977010486975,-0.04418812939628572,0.1291104066705288,0.26918957515173153,0.020056157240272765,0.26918957515173153,20260220_060955,774.0
2.5,-0.1,6313.0,78.0,-0.14609002681682934,-0.035856853883152795,0.12709785343300922,2.109917339196042,-0.13170722917103592,-0.03964072996776585,0.130642827815624,0.2674690738883317,0.019160326852634545,0.2674690738883317,20260220_061222,814.0
2.5,-0.1,5927.0,62.0,-0.1557984309110236,0.022574988329828183,0.11587197297935989,2.008171412647176,-0.13821004746867507,0.04130287898511914,0.1393231642800713,0.22871195819243775,0.017558765222316624,0.22871195819243775,20260220_061421,744.0
2.5,-0.1,5951.0,62.0,-0.08506671895438012,0.047488729465057444,0.1171594809114122,1.7129746909095174,-0.11611463609537007,-0.04484817861664245,0.1291206651499204,0.2518783542039356,0.01793462539774371,0.2518783542039356,20260220_061559,712.0
2.5,-0.1,6003.0,50.0,-0.12509224494210144,-0.021628895506657864,0.12681673895585657,1.968409971381101,-0.13429712599885857,-0.025399382729320186,0.13318395741446604,0.25157232704402516,0.018096272167933407,0.25157232704402516,20260220_061909,760.0
2.5,-0.1,6291.0,76.0,-0.1185057661118459,-0.014964684574687442,0.13320827647417244,1.9693630549836063,-0.14115892092578378,-0.031989346667216395,0.122316989277751,0.25841476655808904,0.02053499054309646,0.25841476655808904,20260220_062050,734.0
2.5,-0.12,5369.0,50.0,-0.14590897797100885,-0.03257046049180376,0.15028013834967305,2.204428824946089,-0.1606820224964388,-0.019447559302745193,0.15990517601435403,0.2614724331462529,0.0165892501658925,0.2614724331462529,20260220_062359,792.0
2.5,-0.12,5725.0,40.0,-0.12351236745220806,-0.034177893377030144,0.14160722841107418,2.1377100864304768,-0.11632540306767039,-0.013087000524765052,0.13344406080131654,0.21972946222368855,0.014142165984369185,0.21972946222368855,20260220_062537,702.0
2.5,-0.12,5459.0,58.0,-0.17241066017021794,-0.028342168745489282,0.15358383071227247,2.1182655155888814,-0.16086544379475273,-0.03791754349957965,0.1647336267405299,0.24665981500513876,0.016175994823681657,0.24665981500513876,20260220_062658,720.0
2.5,-0.12,5785.0,62.0,-0.11953821581381216,0.04955698611607556,0.13026757751028376,2.0817478747113216,-0.11801263957289546,0.04242580042090799,0.14186620038598885,0.23987635239567234,0.016613076098606645,0.23987635239567234,20260220_062914,776.0
2.5,-0.12,6257.0,50.0,-0.11278132769393989,0.05193290729481964,0.14494117409108365,2.148789339908258,-0.13641794108935684,0.0492043827169058,0.14584625368753798,0.22259696458684655,0.016916570549788543,0.22259696458684655,20260220_063105,709.0
2.5,-0.12,5389.0,100.0,-0.11062260125966014,-0.027499829077079957,0.11749660456202754,1.8642768666562493,-0.10254481780582456,-0.03943912673720534,0.13745953524798418,0.23811279026907484,0.022650056625141562,0.23811279026907484,20260220_063352,646.0
2.5,-0.12,6429.0,60.0,-0.13125671084971408,0.0430334430930171,0.1605462945993231,2.113497780454915,-0.12743297485921568,0.05921476078192478,0.16236828124565825,0.21852078239608802,0.019090041361756283,0.21852078239608802,20260220_063525,728.0
2.5,-0.12,6059.0,72.0,-0.13178154510060758,-0.004218404048716512,0.1425294001627478,2.112490455065228,-0.14133327980189292,-0.028444429974960578,0.15247688112171107,0.2554973821989529,0.018221574344023325,0.2554973821989529,20260220_063837,770.0
2.5,-0.12,6045.0,60.0,-0.12977425885243146,-0.03342276279428055,0.13789032015420596,2.0969057154700765,-0.14471436768694954,-0.010768728995426163,0.1329067464145811,0.24855687606112054,0.020387359836901122,0.24855687606112054,20260220_064028,740.0
2.5,-0.13999999999999999,5343.0,84.0,-0.16035120503858852,0.020927192697193286,0.17368902427206626,2.0109161227072043,-0.15993058241668257,0.0045803958205740125,0.1808925455181936,0.20579310344827587,0.020890325789604577,0.20579310344827587,20260220_064327,752.0
2.5,-0.13999999999999999,5481.0,52.0,-0.016075077157085893,0.03300429779793984,0.020651165552280484,1.8352634104856302,-0.038913494024226114,0.03281719273372219,0.0239685152359157,0.19322799097065463,0.017008117510630073,0.19322799097065463,20260220_064526,428.0
2.5,-0.13999999999999999,6095.0,74.0,-0.1796038086820912,0.012211440561050557,0.1628507623900219,2.1491541105407093,-0.19056238601254158,0.008678436555352664,0.1711852346064017,0.19115095430884904,0.020125101985314114,0.19115095430884904,20260220_064702,661.0
2.5,-0.13999999999999999,5773.0,48.0,-0.04969452431408311,0.06462888943987277,0.020307992681813408,2.0182850134625285,-0.05001437897451827,0.06532889929238406,0.026558528597606074,0.22289943404440574,0.017112299465240642,0.22289943404440574,20260220_064848,512.0
2.5,-0.13999999999999999,5965.0,34.0,-0.04723723567908472,0.07039911918207598,0.030450061487623636,2.08322794062529,-0.038098085329611564,0.051432282120667416,0.021618356790915227,0.16462028194633924,0.01507760532150776,0.16462028194633924,20260220_065054,362.0
2.5,-0.13999999999999999,5571.0,72.0,-0.04573376494163961,0.058341319795491564,0.020368376864108667,1.9127444333606916,-0.153379014022463,0.056455665566258195,0.16441909940330227,0.19724924521972492,0.018223234624145785,0.19724924521972492,20260220_065256,672.0
2.5,-0.13999999999999999,5783.0,54.0,-0.1411012846314698,0.03782763199134298,0.13729336569833175,2.0521202240938714,-0.15913450027009934,0.04048198113913115,0.1738857302526899,0.20718314039774413,0.017159199237368923,0.20718314039774413,20260220_065535,716.0
2.5,-0.13999999999999999,5839.0,40.0,-0.043635298192086946,-0.04829444540813785,0.008988541181002965,2.130281153210587,-0.06736777755167811,-0.05955770072379879,0.0017862845114678533,0.15842534805568892,0.018042399639152006,0.15842534805568892,20260220_065716,330.0
2.5,-0.13999999999999999,6169.0,60.0,-0.12204424267456593,-0.01159013716902313,0.15885167508956485,2.0082211932325595,-0.1184769864616744,-0.022361234604821145,0.14986870179761844,0.17033137194177764,0.01401541695865452,0.17033137194177764,20260220_065846,574.0
2.5,-0.16,5509.0,50.0,-0.1544678721414165,0.030702282146727156,0.16811622704395837,1.934383181165587,-0.15856068298444118,0.005586153657345272,0.17822092471877757,0.1648191365227538,0.015982564475118054,0.1648191365227538,20260220_070020,568.0
2.5,-0.16,5391.0,34.0,-0.11495988117210948,0.06947779825069283,0.016316028534606425,2.086059893610061,-0.09415194337452776,0.06988245236932095,0.011025731228146804,0.2433915211970075,0.015969938938468764,0.2433915211970075,20260220_070319,488.0
2.5,-0.16,5665.0,26.0,-0.07601159629940046,-0.04773872816789426,-0.006243920610017967,1.9540929718806936,-0.08636509978447543,-0.04531173181395404,0.008918703443472648,0.17188276204669647,0.012652068126520682,0.17188276204669647,20260220_070512,346.0
2.5,-0.16,5529.0,26.0,-0.08047468233840521,0.06365088622341752,0.004618987142403233,2.017793714054593,-0.09770080454968882,0.07212043204352608,0.01949124455483882,0.23019057171514543,0.012928891098955743,0.23019057171514543,20260220_070711,459.0
2.5,-0.16,4947.0,56.0,-0.0842705386000176,0.0693239144837483,0.013141598017773162,1.9305853135577526,-0.09294004040783821,0.07089185157653322,0.01866133270293563,0.2501302761855133,0.0165016501650165,0.2501302761855133,20260220_071026,480.0
2.5,-0.16,5855.0,48.0,-0.15175061741893103,0.015968051109879533,0.19475115717576444,2.0692137789287086,-0.1634822959447023,0.029194811612340776,0.1673198033960647,0.1487351417250838,0.015014075695964968,0.1487351417250838,20260220_071229,489.0
2.5,-0.16,5359.0,46.0,-0.026245402927793815,-0.014710582846534426,-0.008535200787848654,2.084965996755354,-0.045590127998757335,-0.02802795156261198,0.0017057928004153983,0.16077828981054787,0.020184291355857833,0.16077828981054787,20260220_071422,322.0
2.5,-0.16,5309.0,48.0,-0.08532443854117949,0.08249429617872334,0.013253480423779232,2.1279492172815533,-0.09617935729589389,0.07876766462440954,-0.004521272179437333,0.22074320576816417,0.014256014256014256,0.22074320576816417,20260220_071633,400.0
2.5,-0.18000000000000002,5511.0,38.0,-0.11534675812752213,0.08614943155428911,0.003307058341442362,1.8919201425634429,-0.09582937120908697,0.08990048067758877,0.016270918567202197,0.24014522821576764,0.011184544992374174,0.24014522821576764,20260220_071811,463.0
2.5,-0.18000000000000002,5145.0,32.0,-0.044568669515534065,0.04336490373879198,0.0553083579043524,2.105846684888072,-0.055365733728960365,0.026753729690090655,0.0414856185642703,0.19716935090287946,0.015392015392015393,0.19716935090287946,20260220_072113,404.0
2.5,-0.18000000000000002,5363.0,36.0,-0.07607235254471378,0.07680626529646167,0.03180976728180945,1.905434768288167,-0.07720619969856701,0.07945009480020682,0.0015329652938875504,0.2324468085106383,0.014748054076198279,0.2324468085106383,20260220_072234,468.0
2.5,-0.18000000000000002,4851.0,42.0,-0.0524622484710206,0.06544245828262174,0.0009571416469812688,1.9423515652388403,-0.04963547458409684,0.07750628935998499,0.03247172076646429,0.21767348976535197,0.019733023795705164,0.21767348976535197,20260220_072455,436.0
2.5,-0.18000000000000002,4713.0,50.0,-0.06446860120955028,0.05019958014321241,0.022452451680857743,2.1517523308295865,-0.07119923949378887,0.05238136935088333,0.03287041540110647,0.23836317135549873,0.0162813415825464,0.23836317135549873,20260220_072623,466.0
2.5,-0.18000000000000002,4459.0,32.0,-0.08184184734951594,-0.00020218980013617105,0.044305398916593575,1.9099394418634725,-0.03312041883388955,-0.007455551065017912,0.03551813158742295,0.16818837097549255,0.015078082929456112,0.16818837097549255,20260220_072751,350.0
2.5,-0.18000000000000002,4725.0,52.0,-0.08958009478554424,0.04735770793566946,0.03087348356221864,2.28967175555268,-0.08390641828097445,0.05952228896711731,-0.0016956657439952394,0.23238300161377085,0.01627166607711355,0.23238300161377085,20260220_072919,442.0
2.5,-0.18000000000000002,5177.0,46.0,-0.13291922060123318,0.03967626350704995,0.023447729815617768,2.113525550511818,-0.10889016269906052,0.034205653413874215,0.021266431516869452,0.22768361581920904,0.01365390323538142,0.22768361581920904,20260220_073221,404.0
2.5,-0.18000000000000002,4717.0,18.0,-0.09106757821867956,-0.05362816951638541,0.020251002998636455,1.9854013809971185,-0.08354188789015637,-0.04523394270654996,0.004481101793009132,0.1931527848748084,0.009508716323296355,0.1931527848748084,20260220_073458,378.0
2.5,-0.19999999999999998,4683.0,36.0,-0.09112493077057998,0.05371312794193689,0.0027505619133197795,1.8834619136643982,-0.06540542475073541,0.060516686979183554,-0.003693111931503512,0.20794774088187262,0.01791044776119403,0.20794774088187262,20260220_073636,382.0
2.5,-0.19999999999999998,4511.0,48.0,-0.10777130265839469,0.06789724675592701,-0.0039244338486532915,1.9404381309882086,-0.10673516698568794,0.05496065401417871,0.01214942276796345,0.23833902161547213,0.015561319007039644,0.23833902161547213,20260220_073804,419.0
2.5,-0.19999999999999998,4685.0,34.0,-0.095673555455975,0.055770511917120236,0.021349664623038472,2.0141669021276374,-0.09738000374905814,0.056398858785989714,0.03090616013307307,0.2700445434298441,0.015336039693279206,0.2700445434298441,20260220_074053,485.0
2.5,-0.19999999999999998,4615.0,58.0,-0.12373890637325019,0.06559386104760667,0.021106539067575786,1.969647690400592,-0.11695711634983075,0.06762328236603488,0.02531329827887671,0.25414997137950773,0.02054054054054054,0.25414997137950773,20260220_074325,444.0
2.5,-0.19999999999999998,4981.0,50.0,-0.10125435097633875,0.0669809177051236,0.01627018659449267,1.8539215067766355,-0.11124111679167015,0.06404643670124188,0.01214487244606989,0.2610750147666864,0.016761649346295676,0.2610750147666864,20260220_074620,443.0
2.5,-0.19999999999999998,5103.0,38.0,-0.1146816439210567,0.05493265400466152,0.012236491974738181,2.1156766615206624,-0.10010143652305953,0.07350506915801869,0.008008399441469777,0.2287903667214012,0.0128,0.2287903667214012,20260220_074901,418.0
2.5,-0.19999999999999998,4499.0,32.0,-0.08932581025948694,0.037460228207152724,0.014001555264420734,1.9767893382480592,-0.09197469889332377,0.05399632596176546,0.01513656949163883,0.2504268639726807,0.012148337595907928,0.2504268639726807,20260220_075025,440.0
2.5,-0.19999999999999998,4989.0,36.0,-0.1286071786524125,0.09607444608999177,0.003643321818346479,2.0001945577117564,-0.11756675575498243,0.08290379683250215,0.0006434000429798442,0.25998731769181993,0.014418125643666324,0.25998731769181993,20260220_075206,434.0
2.5,-0.19999999999999998,4413.0,42.0,-0.0892222460016282,0.04537083367792788,0.03622632752299754,2.1064797733328864,-0.11090194711992071,0.053498603643603926,0.02177505052732824,0.30079803560466545,0.019198193111236588,0.30079803560466545,20260220_075654,490.0
2.5,-0.22,4557.0,42.0,-0.13675742113809342,0.05083236884329079,0.019775153916872026,1.88735212277761,-0.11664449379252056,0.06241245931587869,0.001273082541991502,0.25804375804375806,0.015781167806417674,0.25804375804375806,20260220_075833,511.0
2.5,-0.22,5147.0,50.0,-0.0799170429777814,0.05292305818969578,0.06817711890208639,2.0595722139668764,-0.08897032365265195,0.05518720083600609,0.06845103937397676,0.19525801952580196,0.01670378619153675,0.19525801952580196,20260220_080124,420.0
2.5,-0.22,4625.0,34.0,-0.08336168846282066,-0.009795168962687784,-0.032930950117074434,1.717674918140073,-0.09283934489759765,-0.03745177631324645,-0.0307543709314351,0.1884498480243161,0.011217049915872126,0.1884498480243161,20260220_080248,322.0
2.5,-0.22,4495.0,38.0,-0.1047189746144985,0.056338973730159614,0.009376322694488445,2.11642405102488,-0.12304670491828038,0.06356834482221307,0.015241499679830614,0.2476780185758514,0.015739179314221474,0.2476780185758514,20260220_080408,400.0
2.5,-0.22,4529.0,50.0,-0.10361958262751178,0.0514005909147503,0.04016595857087352,1.7932812082105318,-0.09559481402187947,0.05761788112095256,0.036604884959263506,0.28046744574290483,0.01669449081803005,0.28046744574290483,20260220_080530,504.0
2.5,-0.22,4403.0,66.0,-0.1404690923026607,0.05627124283432211,0.03979283685401541,1.9652692126710798,-0.12385177327263738,0.05627712460902168,0.007846829751762124,0.2673588578844906,0.021618080576482148,0.2673588578844906,20260220_080728,432.0
2.5,-0.22,3889.0,26.0,-0.11419197804292064,-0.01792845137178431,0.0342250872375347,2.204966984373677,-0.10895793436411264,-0.0435010102985906,0.019408269361978814,0.17585139318885448,0.014061654948620876,0.17585139318885448,20260220_080940,284.0
2.5,-0.22,4001.0,48.0,-0.1189377782439901,0.06450508243551384,-0.020309753031281935,1.8635117988771606,-0.09935394336318598,0.04797757686838139,-0.016849731101311535,0.21160409556313994,0.02789076118535735,0.21160409556313994,20260220_081100,350.0
2.5,-0.22,4245.0,34.0,-0.13388117347986406,0.0493967514813074,0.006227924175528934,1.8804184268682966,-0.14414413021238254,0.06794256323822889,0.010500084748638783,0.24198427102238354,0.020012507817385866,0.24198427102238354,20260220_081320,426.0
2.5,-0.24000000000000002,4263.0,38.0,-0.08607686965324263,0.057052664796231556,0.018965488701532474,1.9045089438230156,-0.08842382100651408,0.03030322933574403,-0.002877866976304627,0.22566646001239926,0.013078000934142924,0.22566646001239926,20260220_081715,378.0
2.5,-0.24000000000000002,4733.0,32.0,-0.13003322842804854,0.07260724502847016,-0.016309076792166657,1.9142485403695033,-0.10783847625808221,0.056832852677514256,-0.006098211114314231,0.24443106562311862,0.019058963668850508,0.24443106562311862,20260220_081942,420.0
2.5,-0.24000000000000002,4639.0,26.0,-0.12225717097394262,0.05733089974868061,0.03598306419918834,1.927720253646067,-0.11938680726815384,0.0486795617798268,0.0415078521429294,0.244794311833418,0.009043478260869564,0.244794311833418,20260220_082206,482.0
2.5,-0.24000000000000002,4901.0,44.0,-0.09744208010243921,0.03500779207604954,0.03269705849099372,1.8046847621656237,-0.08631530397060228,0.05512886732462674,0.022416230391435074,0.23097112860892388,0.020578420467185762,0.23097112860892388,20260220_082357,440.0
2.5,-0.24000000000000002,4333.0,32.0,-0.07673443679351327,0.05395439835098026,-0.03667089242271786,1.738669317674883,-0.0819399312731297,0.07129303559873179,-0.022331600099689028,0.20081727962638646,0.01809954751131222,0.20081727962638646,20260220_082854,346.0
2.5,-0.24000000000000002,4093.0,30.0,-0.0920165352328034,0.02651037522796329,-0.04778164000751644,2.1528919458597073,-0.0995872011442227,-0.008398159561875534,-0.0509374584048422,0.2339986235375086,0.016009148084619784,0.2339986235375086,20260220_083025,340.0
2.5,-0.24000000000000002,4521.0,42.0,-0.10226529725485509,0.04359430204556075,0.014768033285716256,2.132992156952538,-0.10657756031621954,0.0504168765773812,0.0035348946247793223,0.24972067039106144,0.014835747085835394,0.24972067039106144,20260220_083151,447.0
2.5,-0.24000000000000002,4635.0,32.0,-0.10980354179887847,0.015724278880276332,-0.027227294907292338,1.8481662405805488,-0.1319749873054015,0.006841070419713102,-0.009455133247314881,0.2138138138138138,0.014739751266697375,0.2138138138138138,20260220_083325,356.0
2.5,-0.24000000000000002,4947.0,42.0,-0.1182880727766234,0.03981056297515517,0.02745389889287883,2.0957494177485483,-0.13957749945623643,0.06763568349384963,0.03414474929896874,0.23715415019762845,0.014257939079714841,0.23715415019762845,20260220_083453,456.0
2.5,-0.26,3971.0,30.0,-0.11383539965889544,0.04477388738016369,0.04488160189380888,2.196640802241139,-0.13409682918383214,0.059523485721555414,0.03345783835681604,0.2084507042253521,0.01723147616312464,0.2084507042253521,20260220_083641,384.0
2.5,-0.26,4005.0,26.0,-0.10802060369498775,0.01424628434710945,-0.0075730536493211625,2.024663059402873,-0.14810850167089826,0.04066085044769219,-0.02330049928503436,0.218988218988219,0.015615615615615615,0.218988218988219,20260220_083807,360.0
2.5,-0.26,3795.0,34.0,-0.08512254187657597,0.06292265228593052,0.03757473014334095,1.9463337678348125,-0.08403816877118492,0.05243480803110001,0.014353486317536912,0.2288812785388128,0.014246575342465753,0.2288812785388128,20260220_083928,401.0
2.5,-0.26,3867.0,34.0,-0.11897016369427224,0.033794390901276894,0.002049391037297607,1.939876210028183,-0.14395962984945976,0.062258697372822525,-0.010250265764673375,0.2409879839786382,0.017510944340212633,0.2409879839786382,20260220_084052,398.0
2.5,-0.26,4423.0,40.0,-0.105222344354585,0.04865180731947932,0.025842195256655265,1.767414442931563,-0.1236367565946109,0.061174877883849954,0.006624418167181692,0.22952779438135087,0.016119032858028518,0.22952779438135087,20260220_084228,417.0
2.5,-0.26,4415.0,58.0,-0.15146623605895626,0.030671138464691994,-0.017681790144161547,1.9300850596231973,-0.10762514398967632,0.04438337705762496,-0.010823831224782504,0.23297262889879058,0.018395179194418014,0.23297262889879058,20260220_084411,398.0
2.5,-0.26,4229.0,58.0,-0.09441925182214989,0.037602848393858634,-0.004768085768381697,1.9092347271802788,-0.1345554517414432,0.040643586757627914,0.03379495892526693,0.24651422197434467,0.018198933165986822,0.24651422197434467,20260220_084545,442.0
2.5,-0.26,4399.0,208.0,-0.1359514781543757,-0.021068273932089626,-0.03192267717083659,1.7211236627119222,-0.13780299847386912,-0.01329121525684282,-0.061764228338026604,0.2044002838892832,0.07869844873250094,0.2044002838892832,20260220_084809,380.0
2.5,-0.26,4633.0,34.0,-0.12083331065660424,0.040707560079712934,0.03965010217345877,2.498454541517972,-0.12467235550325936,0.04364291871059067,0.03233627571374603,0.2222222222222222,0.019664545980335454,0.2222222222222222,20260220_085130,402.0
2.5,-0.28,4737.0,32.0,-0.16264464527011538,0.04772904838690761,0.004563728740607509,1.871565850743441,-0.1711189758561887,0.0366721025115731,0.01115170256310287,0.2369291859695566,0.012828736369467608,0.2369291859695566,20260220_085255,410.0
2.5,-0.28,4277.0,26.0,-0.12532882862836364,0.00883875772956294,-0.029630013260984717,1.9147713010659373,-0.10853353205862232,-0.030671358225452472,-0.07897828344259966,0.204625087596356,0.01674179008370895,0.204625087596356,20260220_085522,324.0
2.5,-0.28,4545.0,24.0,-0.11909331210405943,0.029671037721795412,-0.09304340269913873,1.9859424170814561,-0.12137970507479129,0.0279927286418038,-0.09398684829144213,0.21314878892733563,0.013555144793592114,0.21314878892733563,20260220_085700,318.0
2.5,-0.28,4449.0,34.0,-0.12978674195544956,0.030919207578859187,0.04180534927966442,1.646321467917089,-0.12936915982395844,0.024123296454510335,0.008369141693872567,0.21246973365617433,0.01446193109315185,0.21246973365617433,20260220_085839,403.0
2.5,-0.28,3991.0,38.0,-0.07375173687614994,0.06067134271693486,0.051539290300462254,2.1682360467315673,-0.09641557505883203,0.055187921186733546,0.04811817149730016,0.2016974538192711,0.017480719794344474,0.2016974538192711,20260220_090012,404.0
2.5,-0.28,4381.0,32.0,-0.08701564630967629,0.04563682598785462,-0.004835319912960198,1.904387442499043,-0.11874484334216048,0.028990614157152927,-0.01457209363371259,0.20825852782764812,0.014965259219668627,0.20825852782764812,20260220_090143,388.0
2.5,-0.28,4253.0,22.0,-0.11151601063636998,0.03466509945511381,-0.04213219552358142,1.9562711100144583,-0.12869222329926658,0.03806853646984465,-0.021589135432901918,0.23476587556125722,0.012256267409470752,0.23476587556125722,20260220_090304,366.0
2.5,-0.28,4085.0,28.0,-0.11531886297288149,0.03859128239892001,0.038364704694836854,1.9329774332018548,-0.11949449987384217,0.05201923991502139,0.027871744388720837,0.22245875465673232,0.015676028739386023,0.22245875465673232,20260220_090428,418.0
2.5,-0.28,4273.0,26.0,-0.10904556449156952,0.03517110463002693,-0.004373298189396427,1.7564890164868405,-0.13302880661428731,0.05373615744233867,0.028418241437930813,0.20182501341921633,0.009847365829640572,0.20182501341921633,20260220_090609,412.0
2.5,-0.30000000000000004,4527.0,32.0,-0.12316973958597119,0.04669283344788311,0.049419362820598084,1.9564139058443935,-0.11090158915508255,0.03375633981945575,0.03668159837895402,0.22765509989484753,0.015187470336971999,0.22765509989484753,20260220_090734,433.0
2.5,-0.30000000000000004,4001.0,23.0,-0.14662158609768022,0.008316094565600896,-0.0851568447064043,1.9021760529322682,-0.1525586181240456,0.01539440765838318,-0.08186544861261036,0.21089879688605803,0.012679162072767364,0.21089879688605803,20260220_090917,304.0
2.5,-0.30000000000000004,4361.0,39.0,-0.1146009119378997,0.04129516607594236,-0.07758954802752807,1.8406806484174605,-0.12046676682094887,0.054785864459247546,-0.038990439849939516,0.19775873434410018,0.016260162601626018,0.19775873434410018,20260220_091040,402.0
2.5,-0.30000000000000004,4043.0,28.0,-0.12956633749503813,0.01092219616807194,-0.029389561030119415,1.8919788270766649,-0.14683233692842776,0.004364796292551654,-0.037592717029654624,0.22159491884262528,0.015063731170336037,0.22159491884262528,20260220_091322,372.0
2.5,-0.30000000000000004,4597.0,38.0,-0.10025995391590076,0.03793960082442732,-0.015318823986599325,1.7908103749234767,-0.13714675409187757,0.04642077216585416,-0.026317930143809606,0.21783526208304968,0.013118062563067608,0.21783526208304968,20260220_091515,382.0
2.5,-0.30000000000000004,4519.0,32.0,-0.0749537037787899,0.024552221967931054,0.049265626929609785,2.2075909936276576,-0.08119773609203629,0.03111268834502201,0.041852042974723336,0.18377409233527567,0.014140521431727796,0.18377409233527567,20260220_091719,410.0
2.5,-0.30000000000000004,4575.0,36.0,-0.11024420129169604,0.04225747107064476,-0.008500796896663665,1.9111407105815652,-0.12460209377270134,0.04083701234258591,-0.02260606322323927,0.22942320155541154,0.011225444340505144,0.22942320155541154,20260220_091840,390.0
2.5,-0.30000000000000004,4371.0,40.0,-0.11088324368206459,0.015524993848364255,-0.0710242690473011,1.7713451194330718,-0.11764155357428271,0.010846275748240874,-0.09709463886987822,0.22743425728500355,0.02434077079107505,0.22743425728500355,20260220_092056,396.0
2.5,-0.30000000000000004,4941.0,76.0,-0.10125416898709363,0.044052674790238444,0.04512519089105779,1.8650252962912695,-0.11258806856789247,0.028638498513932464,0.0672087026060193,0.21536412078152753,0.023464032108675516,0.21536412078152753,20260220_092542,485.0
2.5,-0.31999999999999995,4711.0,38.0,-0.1370904063926142,0.03638825816663305,-0.02208989634037707,1.7883375773725447,-0.1006004452365464,0.05113167732072227,-0.016223133018832908,0.2158185162477008,0.01990570979570456,0.2158185162477008,20260220_093059,360.0
2.5,-0.31999999999999995,4289.0,34.0,-0.12771964579628117,0.04043799971038997,0.03216207307676697,2.2852225603605145,-0.1327139584057658,0.035364748244268385,0.019274342721930127,0.19659527732015375,0.016401350699469366,0.19659527732015375,20260220_093411,374.0
2.5,-0.31999999999999995,4741.0,36.0,-0.10759228126392045,-0.038554549379429204,-0.02961677858224203,1.8539831621111467,-0.09978639325261646,-0.029987512794309612,-0.0470183824341783,0.18680677174547577,0.014592622618565058,0.18680677174547577,20260220_093532,352.0
2.5,-0.31999999999999995,4465.0,28.0,-0.12135192811992515,0.02499412014351521,-0.031881730543437334,1.7910960949924348,-0.11219102542036,0.03747356780523481,-0.009526422450128136,0.22784810126582278,0.011739594450373533,0.22784810126582278,20260220_093718,436.0
2.5,-0.31999999999999995,4809.0,46.0,-0.09171813952554686,0.029747548441621086,0.1321017467636903,1.8306615573889733,-0.1291411482923151,0.04800323869935291,0.15562359736806206,0.1510221109720484,0.01265474552957359,0.1510221109720484,20260220_093906,381.0
2.5,-0.31999999999999995,4669.0,32.0,-0.11978382169682703,0.018011131404838898,-0.061811669217862374,1.8184439991128696,-0.11899902514786653,0.05084438957902121,-0.016088425505250165,0.22088111044055522,0.016129032258064516,0.22088111044055522,20260220_094035,403.0
2.5,-0.31999999999999995,4909.0,30.0,-0.10532050980114988,0.0216642507408919,-0.008093200329834613,1.728649755655642,-0.09470679615579192,0.04219417044165108,0.007852764237028284,0.1946624803767661,0.015965939329430547,0.1946624803767661,20260220_094324,372.0
2.5,-0.31999999999999995,4941.0,44.0,-0.11601085847139053,0.03506930363864508,-0.0029087428911282326,1.8912859171738896,-0.104991359985137,0.048307674184694394,-0.0012220447901407222,0.20448332422088572,0.01702553830746119,0.20448332422088572,20260220_094450,400.0
2.5,-0.31999999999999995,4321.0,26.0,-0.11850175064723942,0.04539302544267193,-0.06233416770879437,1.9372912106172708,-0.10478662330780994,0.040743464785956085,-0.05566937018942488,0.2199089134677944,0.015081206496519721,0.2199089134677944,20260220_094717,338.0
2.5,-0.33999999999999997,4223.0,34.0,-0.12332182496464422,0.020004856779987368,-0.05417339327536195,2.068905378209984,-0.11067917574634553,0.03311391291875482,-0.022601055050761418,0.2230437461491066,0.018702513150204558,0.2230437461491066,20260220_094951,364.0
2.5,-0.33999999999999997,4715.0,26.0,-0.11934204968093337,0.020068208853789626,0.012662785005357655,1.9938310849292904,-0.12052243581942451,0.02334438123725563,-0.014857189484229857,0.20811287477954143,0.011881188118811881,0.20811287477954143,20260220_095147,370.0
2.5,-0.33999999999999997,4499.0,22.0,-0.13448203578847057,0.021562287510331568,0.008098900844202075,1.9627798181525584,-0.12524689074162537,0.025245281501747985,0.00919683954593524,0.22648292390653085,0.009704455227172474,0.22648292390653085,20260220_095331,378.0
2.5,-0.33999999999999997,4661.0,38.0,-0.08063926376818742,0.0532452154119053,0.06087093665548313,2.1900751856938427,-0.09226785816534394,0.060497014464154064,0.0712962508849947,0.17150513622152747,0.013870827915041179,0.17150513622152747,20260220_095517,384.0
2.5,-0.33999999999999997,4549.0,44.0,-0.12354192671558675,0.004495575310798028,-0.06116691831274199,1.7224981723187744,-0.11811573668596181,0.0004761082599560318,-0.04677259044513633,0.21340273259596618,0.01620745542949757,0.21340273259596618,20260220_095638,440.0
2.5,-0.33999999999999997,4421.0,30.0,-0.14613552566907065,0.01584305552760823,-0.05188264330299833,1.9681269633132028,-0.15916385692788024,0.01181984689897353,-0.02813836348753561,0.2153644123440578,0.014277869302580999,0.2153644123440578,20260220_095831,408.0
2.5,-0.33999999999999997,4619.0,56.0,-0.14576065594459917,0.019601063825520015,-0.06893291847175223,1.7757455230251686,-0.11936029789942748,0.03266719039740007,0.023203844975635796,0.21408763172490294,0.01689291101055807,0.21408763172490294,20260220_100308,386.0
2.5,-0.33999999999999997,4049.0,46.0,-0.0783803612295389,0.06055673632556813,0.07660337538086073,2.1000219022748055,-0.08543831724511097,0.07196047455592858,0.06202449079210309,0.1769607843137255,0.01322219028456453,0.1769607843137255,20260220_100658,362.0
2.5,-0.33999999999999997,4165.0,30.0,-0.1406286403836336,0.0226512933698364,0.013008260907201002,2.0008375360538504,-0.13311977495407556,0.012199502438761611,0.006171315753166914,0.21330845771144277,0.0106951871657754,0.21330845771144277,20260220_100831,346.0
2.5,-0.36,4351.0,36.0,-0.11200973470028558,0.020716904829007288,-0.08467605019276997,1.6372891125793299,-0.11792456713497557,0.025102487265185658,-0.07270177672487986,0.21385339609952925,0.01955458989679522,0.21385339609952925,20260220_101029,318.0
2.5,-0.36,3969.0,58.0,-0.10097480346998172,-0.01557006186917917,-0.03144131693674557,1.9575834033778685,-0.10260116688773088,0.05295687904189711,-0.019788284823292812,0.22043343653250774,0.01611558766323979,0.22043343653250774,20260220_101220,356.0
2.5,-0.36,3893.0,26.0,-0.10195020211606284,0.015009861638970834,0.09910420261017802,1.9724068222655387,-0.09859386115696012,0.02266947716265072,0.08887512412714865,0.1634810898739325,0.011119936457505957,0.1634810898739325,20260220_101431,402.0
2.5,-0.36,3711.0,22.0,-0.0881237419828732,0.05263290134230697,0.07792421260310428,2.1063460241743592,-0.09429547486643347,0.04529862156717135,0.06964415729952,0.18051189941625506,0.008712871287128714,0.18051189941625506,20260220_101600,402.0
2.5,-0.36,4325.0,28.0,-0.12618115561491622,0.026934565592066473,-0.017707135062909773,1.8159178278086001,-0.11613235979440842,-0.005005904060280203,-0.03540331548534209,0.21403260099220411,0.010491177873152123,0.21403260099220411,20260220_101723,371.0
2.5,-0.36,4365.0,34.0,-0.10481587422122765,0.0003263389039415143,-0.01909038614961414,1.6781568346385372,-0.11970171692492801,-0.008033442395829454,-0.029935908358194693,0.22110552763819097,0.016918429003021148,0.22110552763819097,20260220_101936,406.0
2.5,-0.36,4539.0,62.0,-0.10643476162824542,0.049994009225277414,-0.003243720699988864,1.8993167322990165,-0.09985787672677221,0.05085932080385491,-0.004291214697021206,0.21005917159763313,0.02258823529411765,0.21005917159763313,20260220_102145,408.0
2.5,-0.36,4043.0,40.0,-0.11164185358200635,0.013746508049386819,0.018026542634948003,1.9792208476140791,-0.10704071315228997,0.021904799093497407,0.04343353821277138,0.2016322611617859,0.01498457470251212,0.2016322611617859,20260220_102432,420.0
2.5,-0.36,4311.0,36.0,-0.10677674759679939,0.03210417108054009,-0.032336914962333166,1.8637226170871328,-0.10002898251046297,0.04144975046330002,-0.05042684614301159,0.2047138047138047,0.016424510423247,0.2047138047138047,20260220_102659,360.0
2.5,-0.38,4253.0,30.0,-0.1091083463085048,0.023754862754443995,-0.03909792721426193,2.064726316420418,-0.10049590154637159,0.006921591033349772,-0.051006722625931096,0.21711899791231734,0.01692047377326565,0.21711899791231734,20260220_103045,328.0
2.5,-0.38,4311.0,40.0,-0.13528255199016118,0.02636712526645435,0.021624429003341772,1.9370296159893865,-0.12758355210523406,0.010870663915853118,0.027755662766919348,0.20455873758036236,0.017643352236925015,0.20455873758036236,20260220_103301,372.0
2.5,-0.38,4051.0,48.0,-0.12309350016351134,0.03678575708908688,0.263687480791683,1.9287378034090736,-0.11196260213294143,0.040014631607053874,0.25823967200240405,0.09645597369382536,0.01574286651361102,0.09645597369382536,20260220_103709,264.0
2.5,-0.38,3677.0,42.0,-0.09245222812479431,-0.007033716569937176,-0.003660572254478814,1.7020360443500222,-0.08160148992480604,0.005371010772046381,-0.013542403764056937,0.19088145896656536,0.016638935108153077,0.19088145896656536,20260220_103848,387.0
2.5,-0.38,3789.0,26.0,-0.10586925746114498,0.026028211545354785,-0.024494462107634993,1.823606257834207,-0.11706407264032223,0.025713509918463606,-0.014091129128068133,0.22957461174881835,0.013970983342289092,0.22957461174881835,20260220_104102,340.0
2.5,-0.38,4151.0,44.0,-0.12307927822852271,0.003508429663291346,-0.025856735866331457,2.0292359919173335,-0.11294970113490546,-0.010569968345701425,-0.06975328899634371,0.21716021260440393,0.01790801790801791,0.21716021260440393,20260220_104241,336.0
2.5,-0.38,4037.0,54.0,-0.12504183735728489,0.033563972241513806,-0.03507817575452951,1.8251225927574923,-0.13501835872398416,0.04168949390354054,-0.0022268485191817566,0.20727522306108442,0.019417475728155338,0.20727522306108442,20260220_104533,340.0
2.5,-0.38,4047.0,32.0,-0.13800206639612628,0.031498402846949214,-0.07359419722718603,1.9011648346002818,-0.1391919379014978,0.007601306607758984,-0.021458185537115274,0.21606864274570983,0.014672168729940394,0.21606864274570983,20260220_104858,277.0
2.5,-0.38,3911.0,22.0,-0.10159885504753219,0.019093090402129198,-0.05700318784550137,1.9469943327251935,-0.13207426086645513,0.020514175855677053,-0.07279456660285201,0.2001450326323423,0.014275517487508922,0.2001450326323423,20260220_105034,294.0
2.5,-0.4,3849.0,46.0,-0.10695491777623095,0.01281386718090799,-0.04539839309614696,1.9719858864048365,-0.11553943990910909,0.025326827675126506,-0.02767972518973906,0.20096352374397797,0.016379310344827588,0.20096352374397797,20260220_105224,382.0
2.5,-0.4,3705.0,28.0,-0.13669558461862946,0.02473087137596125,-0.0400870568299525,1.985391696419283,-0.12111344295489382,0.024788862553330182,-0.028448980199387783,0.2065052950075643,0.012675418741511997,0.2065052950075643,20260220_105627,318.0
2.5,-0.4,3747.0,30.0,-0.11283330422713456,0.024366627336817437,-0.03787463268211869,1.9718248278960129,-0.13736195981979255,0.01710603275430117,-0.06552901680910161,0.210604929051531,0.011111111111111112,0.210604929051531,20260220_110038,326.0
2.5,-0.4,3889.0,16.0,-0.10688566722657891,0.044526499353249704,-0.09855658149164383,2.877778616351898,-0.09856298380571343,0.04289591012054461,-0.0911801846701274,0.19122933141624732,0.010342598577892695,0.19122933141624732,20260220_110335,266.0
2.5,-0.4,3647.0,30.0,-0.09128915681706057,0.028506580961870642,0.032749401627275104,1.947246633049888,-0.09234672503678393,0.03820716505470734,0.0789929280461587,0.18867924528301888,0.015298317185109638,0.18867924528301888,20260220_110503,370.0
2.5,-0.4,3721.0,34.0,-0.11123857721258404,0.04841709794497229,0.0038673606782630987,2.1749700402234344,-0.12905725223447256,0.029073981583672415,0.010502980030516237,0.21651630811936157,0.01926550270921132,0.21651630811936157,20260220_110750,320.0
2.5,-0.4,3721.0,24.0,-0.11471482541951786,0.016104896596036367,-0.05637536301591536,2.047575232044695,-0.1191768431147329,0.023465251949115196,-0.006852195337570061,0.21168384879725086,0.011976047904191617,0.21168384879725086,20260220_111004,318.0
2.5,-0.4,3709.0,22.0,-0.11791357945015177,0.009737327395148765,0.010704451743761403,1.835553262654424,-0.1140985629244689,0.005259823593428692,-0.0048376338149249964,0.2314881380301941,0.013357619914996965,0.2314881380301941,20260220_111225,336.0
2.5,-0.4,3323.0,28.0,-0.124400680596851,0.023105843443306517,-0.04536567272907632,2.072186500792856,-0.12648735342583367,0.025274343100085195,-0.026063963168717577,0.20684632192279678,0.011740041928721174,0.20684632192279678,20260220_111447,284.0
2.5,-0.42000000000000004,3167.0,16.0,-0.10512557911608986,0.022182113245188595,-0.02572749899864185,2.2315329297795286,-0.08384685502991224,0.022230501010642,-0.029677041990948352,0.19730305180979418,0.0099361249112846,0.19730305180979418,20260220_111641,278.0
2.5,-0.42000000000000004,3611.0,26.0,-0.09270897830092512,0.03443361916927279,0.13052944218070958,2.086766519145574,-0.1102667720376368,0.04650746001800943,0.08890589132518117,0.15817223198594024,0.011188811188811189,0.15817223198594024,20260220_111809,294.0
2.5,-0.42000000000000004,3499.0,26.0,-0.11402012674017381,0.017785183233691604,-0.07327402276636481,2.01543233239129,-0.11436217243176042,0.020286740855193386,-0.05656558032539507,0.24232887490165225,0.016938110749185668,0.24232887490165225,20260220_112008,308.0
2.5,-0.42000000000000004,3641.0,44.0,-0.12097577215789662,0.025116952218281696,0.003976012492027087,1.884701104760005,-0.10906016493778983,0.025221096149480815,-0.08154000026414811,0.1918649270913277,0.017820980153908466,0.1918649270913277,20260220_112212,328.0
2.5,-0.42000000000000004,3079.0,44.0,-0.10882552535487,0.031232510110487666,-0.01938806624551008,2.1627922753351587,-0.11122664511752844,0.01959141140562748,-0.015921588211891533,0.22035195103289976,0.018651971174226366,0.22035195103289976,20260220_112721,288.0
2.5,-0.42000000000000004,3725.0,30.0,-0.09930344752320891,0.009863184602476427,0.027365623333198003,1.7489202982732655,-0.10290341532546543,0.026791970085678685,-0.022977499870926663,0.20097697138869505,0.0111731843575419,0.20097697138869505,20260220_112907,288.0
2.5,-0.42000000000000004,3387.0,20.0,-0.10316717937605258,0.009975872448385437,0.012034465769299202,1.9293506463275447,-0.1157378301564051,0.020128406397395937,0.01251903206802181,0.22623723487824038,0.009426551453260016,0.22623723487824038,20260220_113114,296.0
2.5,-0.42000000000000004,3123.0,30.0,-0.10299699832632228,0.04034251975788661,0.05669892255048073,2.038965068605081,-0.11096911918089114,0.034469683905768655,0.038758443571408785,0.20956123117223313,0.014025245441795231,0.20956123117223313,20260220_113254,320.0
2.5,-0.42000000000000004,3209.0,26.0,-0.12058668363861272,0.010413970425875163,0.011270514912412405,1.9479501301426219,-0.13655011903346384,0.01925532986759937,-0.012296773303140301,0.1937657961246841,0.014388489208633094,0.1937657961246841,20260220_113438,261.0
2.5,-0.44000000000000006,3367.0,34.0,-0.08394527213872882,0.03759460650568003,0.02159762276281195,1.9710207956392303,-0.11038727666371362,0.030182872663146343,0.0011308626066509064,0.18821729150726854,0.016424510423247,0.18821729150726854,20260220_113751,332.0
2.5,-0.44000000000000006,3363.0,30.0,-0.1058108535956217,0.03811600946807053,0.03571069982528832,1.9471243392816258,-0.10132633151625789,0.0438185924505633,0.042962997143146775,0.19442644199611148,0.014606155451225874,0.19442644199611148,20260220_114215,317.0
2.5,-0.44000000000000006,3371.0,34.0,-0.10316115980919296,0.03022495165258443,0.030021369100984574,1.907516657611558,-0.07940501413073814,0.03340793966668526,0.0646832879529505,0.16226978596316574,0.020226055919095775,0.16226978596316574,20260220_114626,326.0
2.5,-0.44000000000000006,3387.0,40.0,-0.1003365770923777,0.02791656296612588,0.0409523472713266,1.9186513515641483,-0.1072994320671497,0.03723938102287372,0.031776720948073045,0.19436813186813187,0.021310602024507193,0.19436813186813187,20260220_114827,304.0
2.5,-0.44000000000000006,3423.0,30.0,-0.10570647856882356,0.01059674928483273,-0.07268923826630845,1.9971659299697435,-0.11221377078974204,0.011296514694144055,-0.06300354608905596,0.19759036144578312,0.021691973969631236,0.19759036144578312,20260220_115109,336.0
2.5,-0.44000000000000006,3503.0,32.0,-0.09880787689676979,0.013480307393802737,-0.01031320413513391,2.023860024400145,-0.08911734863689375,0.03273511018519726,0.04900469044330269,0.191044776119403,0.017030335284725917,0.191044776119403,20260220_115518,320.0
2.5,-0.44000000000000006,2455.0,26.0,-0.076855486210122,0.03259663368514404,0.15308589708941497,2.2887498705715386,-0.08990849013049562,0.036036274046927275,0.16280133236318015,0.1537010843941537,0.011328976034858388,0.1537010843941537,20260220_115908,326.0
2.5,-0.44000000000000006,3347.0,22.0,-0.11078368209736145,0.03485414411584775,0.05188850855582208,2.3097894468802327,-0.10056006993951416,0.03480843927123706,0.0480771631172881,0.19916016796640673,0.011117287381878822,0.19916016796640673,20260220_120039,332.0
2.5,-0.44000000000000006,3353.0,36.0,-0.1048923432797079,0.012667669840343176,-0.024968296959937755,2.0822916150037636,-0.0943471208241955,0.04205947008810562,-0.02476163504455886,0.19758351101634683,0.01741654571843251,0.19758351101634683,20260220_120204,278.0
2.5,-0.4600000000000001,3415.0,30.0,-0.0914545571890168,0.02635005985019523,-0.019301274185577755,2.0700731916289308,-0.10092844270990892,0.023566426943050334,-0.0236471444739504,0.1866274797942689,0.01704199634814364,0.1866274797942689,20260220_120439,313.0
2.5,-0.4600000000000001,2735.0,20.0,-0.08511060929310721,0.041675977639200945,-0.029573170000019036,1.7960020518962312,-0.08761421913480488,0.02934619686962653,-0.008189417605845684,0.21169504071058476,0.01554001554001554,0.21169504071058476,20260220_120839,286.0
2.5,-0.4600000000000001,2565.0,18.0,-0.11246836157869383,0.030081488167963744,-0.019397359449174728,2.254210298649009,-0.11038971532491071,0.02340655823105725,-0.010570477683055912,0.20542317173377156,0.012072434607645875,0.20542317173377156,20260220_121053,250.0
2.5,-0.4600000000000001,2999.0,24.0,-0.13147919313762252,0.029752618662258645,0.010562651609238458,2.025549133576239,-0.1277637404192102,0.0373872899412524,0.00759285322115652,0.1909307875894988,0.017106200997861726,0.1909307875894988,20260220_121229,242.0
2.5,-0.4600000000000001,2665.0,44.0,-0.10879452707074688,0.034446464246616515,0.189124462064397,2.047718000808052,-0.11873262324893624,0.02960218667490694,0.18685448891646214,0.13841961852861034,0.01795185638514892,0.13841961852861034,20260220_121544,254.0
2.5,-0.4600000000000001,2675.0,36.0,-0.11378994984105864,-0.003798913394207598,-0.05342192966734126,1.7777318518366463,-0.083018098429117,-0.008281267058581787,-0.046171286640957133,0.18775510204081633,0.023270846800258566,0.18775510204081633,20260220_121712,230.0
2.5,-0.4600000000000001,2985.0,28.0,-0.08706926471774695,0.03429779423813967,0.009710402116915151,1.9047050076189789,-0.10150429558775217,0.027809092247094325,0.018830167153554817,0.19302152932442465,0.01740211311373524,0.19302152932442465,20260220_121906,264.0
2.5,-0.4600000000000001,3313.0,38.0,-0.12306163743611634,0.01733744611282756,-0.07032811292669498,2.1095103606265377,-0.09299326272715203,0.021160070786098717,7.588474168070125e-05,0.19241773962804007,0.017327861377108983,0.19241773962804007,20260220_122054,269.0
2.5,-0.4600000000000001,3251.0,27.0,-0.07742713680905733,0.03215647375457159,0.15382238081039215,2.1654517858005553,-0.08834548629148009,0.03654391549801306,0.1647743982473099,0.14969208905731882,0.011578044596912522,0.14969208905731882,20260220_122326,316.0
2.5,-0.48,2529.0,44.0,-0.08123908518459105,0.03829338320336734,0.1156439051771265,2.203067284356017,-0.08631044656281528,0.033188004404252736,0.09797563048675767,0.1533370104798676,0.019055868341273277,0.1533370104798676,20260220_122500,278.0
2.5,-0.48,2777.0,38.0,-0.09090431169010599,0.009800323331594196,-0.055857799379793724,2.158652627193364,-0.10080530575978086,0.009684903046135784,-0.06375079851714369,0.17721518987341772,0.0241884150222788,0.17721518987341772,20260220_122638,222.0
2.5,-0.48,3237.0,32.0,-0.09666384043869347,0.0368828983892624,-0.09717201311241995,1.9652865380737576,-0.10916338069248355,0.015514842300726306,-0.08457709305426364,0.20276497695852536,0.02245614035087719,0.20276497695852536,20260220_122814,236.0
2.5,-0.48,2759.0,24.0,-0.11589808398950954,0.012949297428110462,0.08017781705605073,1.8569122724172538,-0.10360348089627233,0.024584317101019937,0.07273170456027975,0.18033813400125234,0.01429422275163788,0.18033813400125234,20260220_123014,300.0
2.5,-0.48,2971.0,36.0,-0.08875927834801678,0.02042489115657703,0.06760866779057223,1.9521253487713162,-0.10427469526334701,0.03872134598682919,0.07344705061038787,0.1742138364779874,0.018604651162790697,0.1742138364779874,20260220_123152,287.0
2.5,-0.48,2979.0,36.0,-0.10671267477233301,0.006050984189093889,-0.020637188332829765,2.0435004141959507,-0.08807064096730888,0.006453215679950719,-0.005502936039965781,0.17843289371605897,0.022153846153846152,0.17843289371605897,20260220_123359,230.0
2.5,-0.48,2791.0,32.0,-0.09610223497737197,0.012106884191966205,0.015051311394254849,2.0450944478323274,-0.08722791117178658,0.017318268810540327,-0.05226511239216779,0.1811320754716981,0.018506278916060808,0.1811320754716981,20260220_123543,264.0
2.5,-0.48,2995.0,36.0,-0.06543921827922383,0.019137678910862155,0.011267415496930527,1.8991399908100015,-0.09102769263205196,0.02145484273080822,0.01326114574073814,0.18194945848375452,0.020078081427774678,0.18194945848375452,20260220_123840,276.0
2.5,-0.48,3229.0,28.0,-0.11604220073726876,0.0185853873716329,-0.04751590945305173,1.9571754747156014,-0.09969749597751709,0.017792038327955284,0.006853528488437385,0.18141916605705927,0.015968063872255488,0.18141916605705927,20260220_124031,248.0
2.5,-0.5,3233.0,28.0,-0.09504777566949651,0.026670792162662382,-0.07151980852175349,2.155508087417666,-0.08826548429653086,0.0187493663743184,-0.06909313400015549,0.1641025641025641,0.01906058543226685,0.1641025641025641,20260220_124322,232.0
2.5,-0.5,2949.0,32.0,-0.13268389432685582,-0.0024975676844763983,0.03713519010480182,1.6069644823778764,-0.109863175755957,0.023205259703511172,0.041867501435438076,0.1782042494859493,0.01974090067859346,0.1782042494859493,20260220_124630,260.0
2.5,-0.5,2801.0,34.0,-0.08714862815957108,0.02408628183963285,0.0232255584919262,2.1113463144639475,-0.0910117916799772,0.034815754234971186,0.027449248057929976,0.1765886287625418,0.020820575627679118,0.1765886287625418,20260220_124800,320.0
2.5,-0.5,3115.0,50.0,-0.06820514381014287,0.048265993987549605,0.16381858603597546,1.9387847202129977,-0.08833949515636169,0.038165940186166536,0.15388475191708775,0.1257985257985258,0.02364066193853428,0.1257985257985258,20260220_125055,256.0
2.5,-0.5,2845.0,44.0,-0.10465351230254089,0.021563819672648588,0.060535974440615564,1.779627317969346,-0.08187216180643125,0.02694945047465791,0.022852079319435212,0.19469026548672566,0.01833460656990069,0.19469026548672566,20260220_125246,286.0
2.5,-0.5,2961.0,34.0,-0.0987180926604519,0.017036995702908786,0.07265454858185552,2.041997424929831,-0.10211186532282243,0.029053454070077367,0.04403330062904104,0.19167217448777263,0.016354016354016353,0.19167217448777263,20260220_125523,292.0
2.5,-0.5,3095.0,38.0,-0.07196331266426892,0.02953556057068346,-0.0295586095446001,2.0372531812562085,-0.07639383135564881,0.02004949374954773,-0.03934786376691259,0.1474588403722262,0.025693035835023664,0.1474588403722262,20260220_125707,206.0
2.5,-0.5,2907.0,34.0,-0.07098507684999333,0.03392501870759124,0.14255731865150081,2.764799928914318,-0.08032208473099661,0.031142447279343677,0.15826342486227504,0.13488576449912126,0.017215189873417722,0.13488576449912126,20260220_125908,307.0
2.5,-0.5,3461.0,32.0,-0.0800191067213164,0.00438931426425232,0.008169377232869493,1.7867472585013597,-0.09739959874026327,0.02034655281367137,0.008327606519221528,0.1871186440677966,0.014028934677772907,0.1871186440677966,20260220_130029,282.0
2.5,-0.52,2857.0,38.0,-0.10059614240753895,0.01592249736124607,-0.06650326582137375,2.4369699321456553,-0.10052555195255816,0.023097171772910263,-0.05367819435363527,0.17516447368421054,0.023298589822194973,0.17516447368421054,20260220_130227,213.0
2.5,-0.52,3017.0,32.0,-0.12148219844920802,0.024965983708787942,-0.017303977487857156,2.2265695308218607,-0.10561848673674501,0.027524949270975818,-0.03126048502543799,0.18029029793735676,0.014925373134328358,0.18029029793735676,20260220_130416,236.0
2.5,-0.52,3503.0,38.0,-0.09528023039246925,0.017184778205523887,-0.033466588072129294,1.9219598083228833,-0.07799010690350844,0.019117254862187183,-0.03020963660563003,0.17895490336435219,0.02330097087378641,0.17895490336435219,20260220_130628,250.0
2.5,-0.52,3095.0,42.0,-0.10242219447135334,0.028865810327560026,0.17886340314780416,2.4825807576477033,-0.09736841035294991,0.014459682066968238,0.1362579828244715,0.11941904249596558,0.01761006289308176,0.11941904249596558,20260220_130814,224.0
2.5,-0.52,3195.0,10.0,-0.08771744292661748,0.02676304839314425,-0.07903329486459237,2.0060735629035396,-0.09831640692487986,0.025961366714329137,-0.06824360907660079,0.1701417848206839,0.008841732979664015,0.1701417848206839,20260220_131022,204.0
2.5,-0.52,3087.0,42.0,-0.08058073937260812,-0.0013661784183122971,0.0648131930224545,1.9698407402270246,-0.08279571481321352,0.0225866339344562,0.05040352414985075,0.1592920353982301,0.017391304347826087,0.1592920353982301,20260220_131158,270.0
2.5,-0.52,2885.0,32.0,-0.09485059308278293,0.020650154037769708,0.0044738234265135485,2.189916936383675,-0.0965228331177806,0.01725967809112955,0.011260339166405689,0.16112342941611235,0.018529241459177764,0.16112342941611235,20260220_131334,218.0
2.5,-0.52,2743.0,32.0,-0.07962268818803225,0.028316556716351915,0.03637680105525476,2.089729137427474,-0.09390647220898013,0.030158580066939278,0.02183136419711114,0.16219931271477664,0.02237136465324385,0.16219931271477664,20260220_131520,236.0
2.5,-0.52,3069.0,30.0,-0.09834356635958985,0.014824579367198387,-0.06606223389631731,1.981095451650949,-0.09315193622018564,0.025589185597171105,-0.04324385838512614,0.17249417249417248,0.017595307917888565,0.17249417249417248,20260220_131659,245.0
2.5,-0.54,2428.0,38.0,-0.05918418987093932,0.0386882007012711,0.21819688647768895,2.3415305794280035,-0.07668718841483418,0.038129573163425357,0.22095648727550585,0.09004092769440655,0.015650741350906095,0.09004092769440655,20260220_131930,198.0
2.5,-0.54,3089.0,34.0,-0.1044864778976825,0.01350320858961046,0.13581904715820975,2.092429648426932,-0.08764756354557729,0.02404145144665676,0.14231367121125052,0.13915693245302183,0.01609086606720303,0.13915693245302183,20260220_132051,274.0
2.5,-0.54,2843.0,60.0,-0.07424010145632515,0.018002970212020908,0.02675167727291966,2.1422600896310984,-0.0787887755577612,0.030509402896813753,0.03878454416035357,0.14095238095238094,0.023520188161505293,0.14095238095238094,20260220_132223,234.0
2.5,-0.54,2921.0,36.0,-0.08552044328711028,0.03096118223797234,0.11408105395134144,2.4169909319671934,-0.0896612813272934,0.027668152066517182,0.11539839181939515,0.14246575342465753,0.017249640632486823,0.14246575342465753,20260220_132440,260.0
2.5,-0.54,2803.0,38.0,-0.0960537430790479,0.031580526700994815,0.21264984105240417,2.9463822195345646,-0.08000937547619286,0.03870198471370756,0.20392196492681744,0.12487852283770651,0.013556903317873707,0.12487852283770651,20260220_132616,257.0
2.5,-0.54,3053.0,36.0,-0.08008616730985346,0.019147411086515964,-0.05635224806031923,2.280485133854772,-0.1090446988928534,0.021325385718869272,-0.0399573088196863,0.15121512151215122,0.0248790601243953,0.15121512151215122,20260220_132800,204.0
2.5,-0.54,2531.0,34.0,-0.07492057562772458,0.00646398597124076,-0.037539289875013114,1.9585239680529325,-0.088388583520293,0.016868935132829943,-0.043341953816131144,0.15282880235121235,0.022053756030323914,0.15282880235121235,20260220_132921,214.0
2.5,-0.54,2729.0,30.0,-0.07896411229479366,0.03135924425115455,0.22646345136554738,2.283126442841752,-0.08845274687205101,0.031690480575400914,0.20677224236520472,0.10113895216400912,0.012391573729863693,0.10113895216400912,20260220_133054,222.0
2.5,-0.54,2767.0,36.0,-0.08332432841476378,0.021852518317696745,-0.0007304200621867929,2.516729477158875,-0.09424621872906475,0.02564584821419058,0.017654713570517858,0.14900888585099112,0.02154398563734291,0.14900888585099112,20260220_133220,218.0
2.5,-0.56,2465.0,32.0,-0.0916397104966099,0.018253254672704056,-0.05742418942468811,2.567638766417347,-0.09314785919393148,0.02269045195953423,-0.07389823965261219,0.14857142857142858,0.02098360655737705,0.14857142857142858,20260220_133356,182.0
2.5,-0.56,2859.0,42.0,-0.0894824229934324,0.03299004423931162,0.03712421917307179,2.0821464216821117,-0.07322652102955812,0.028810255233859605,0.04984753843455342,0.1238725195429946,0.0208851317752362,0.1238725195429946,20260220_133517,206.0
2.5,-0.56,3037.0,26.0,-0.09142717444814114,0.0023460972649719802,-0.07677372304570015,2.0379661537628695,-0.09271249011041655,0.01230003210263414,-0.07615406864296509,0.1470125786163522,0.020117351215423303,0.1470125786163522,20260220_133707,187.0
2.5,-0.56,2957.0,42.0,-0.09216826031800807,0.023667067418550403,0.21284088362419815,2.938625606243248,-0.09738771259166001,0.031125000309477457,0.2218970538751268,0.09672830725462304,0.016247582205029015,0.09672830725462304,20260220_133906,204.0
2.5,-0.56,2513.0,40.0,-0.09468941478003412,0.025373321887965095,0.18835896657596804,2.185702134428348,-0.10150512689219482,0.033170344709030575,0.2010783322211386,0.12031662269129288,0.01735357917570499,0.12031662269129288,20260220_134059,228.0
2.5,-0.56,2457.0,40.0,-0.08929050245457054,0.040940501502611526,0.24206139235568727,2.725473985708006,-0.0850459742771103,0.029023555086023944,0.2412733832842134,0.08483171968649147,0.01628001628001628,0.08483171968649147,20260220_134228,184.0
2.5,-0.56,2947.0,42.0,-0.07559297031774237,0.019038295626518098,0.0361782237798548,2.2756481231295953,-0.06997843064577203,0.03261334866621135,0.10159363684574388,0.10439276485788114,0.0268370607028754,0.10439276485788114,20260220_134352,202.0
2.5,-0.56,2951.0,26.0,-0.08475988054019962,0.01724095945073345,0.012993924724979816,2.2357030192343355,-0.07229743575064007,0.02768248356477654,0.023237343322697,0.1439446366782007,0.01660899653979239,0.1439446366782007,20260220_134529,208.0
2.5,-0.56,2453.0,44.0,-0.0714342379762351,0.02934180848086887,0.22189198660824658,1.937050963661125,-0.06208587912855085,0.011851724555188792,0.09797853163351067,0.09538621047174702,0.02066340402392605,0.09538621047174702,20260220_134705,184.0
2.5,-0.5800000000000001,2597.0,32.0,-0.08733135515855911,0.039541850079377716,0.23005700021508832,2.8744492255066394,-0.09444211545981995,0.03703324980601086,0.2268127443119691,0.0789738430583501,0.013195876288659794,0.0789738430583501,20260220_134849,160.0
2.5,-0.5800000000000001,2677.0,28.0,-0.06340711191174714,0.015439544052957277,-0.036349737724628225,2.269534665751502,-0.08315510996811243,0.02470443670806871,-0.01487105899759146,0.1344046749452155,0.017665615141955835,0.1344046749452155,20260220_135010,184.0
2.5,-0.5800000000000001,2881.0,30.0,-0.06486085109488166,-0.0039139800876653585,0.21622740661158316,4.589732869897846,-0.0570487622418997,0.004686989730531055,0.2271877622233935,0.02901263453439401,0.014038371548900327,0.02901263453439401,20260220_135131,62.0
2.5,-0.5800000000000001,2393.0,22.0,-0.0779803473216365,0.014374156886249045,-0.09313749001361547,3.541637792554549,-0.09714634310118775,0.008743833602901985,-0.08656365921943916,0.09957081545064378,0.014716703458425313,0.09957081545064378,20260220_135332,116.0
2.5,-0.5800000000000001,2177.0,30.0,-0.09026218419572296,0.001499854973423087,0.06855754529721333,2.911295727117306,-0.09567912221356145,0.023044922553380587,0.058829572828790505,0.1394335511982571,0.017804154302670624,0.1394335511982571,20260220_135455,192.0
2.5,-0.5800000000000001,2603.0,30.0,-0.0571161553214693,0.026668538998007918,0.07810605200162013,2.4592360576206556,-0.07587671818964209,0.02533387252921432,0.08819195921753259,0.108023072889355,0.0182370820668693,0.108023072889355,20260220_135618,206.0
2.5,-0.5800000000000001,3047.0,14.0,0.09215866279902579,0.017847061582772106,0.3589599260040227,2.329373838493467,0.11916324546366541,0.05425907330032992,0.38380183188821815,0.0006772773450728074,0.007787151200519144,0.0006772773450728074,20260220_135739,2.0
2.5,-0.5800000000000001,2657.0,22.0,-0.0856093845028792,0.012043035535644564,0.08754754420369387,2.3101301305744957,-0.08652858120421647,0.0174754090065255,0.10034120506776739,0.12379329926178308,0.012578616352201259,0.12379329926178308,20260220_135900,218.0
2.5,-0.5800000000000001,2605.0,34.0,-0.07253213325368074,0.048253829137321846,0.22359711576576904,1.8920482538881283,-0.08387500747408433,0.024713286768829446,0.22655463063718387,0.08578199052132701,0.014375561545372867,0.08578199052132701,20260220_140021,181.0
2.5,-0.6,2737.0,38.0,-0.06688408761819176,0.033692995404449866,0.16371360148556832,2.7780223034517415,-0.06760869198459418,0.025860656898180012,0.17295198344772053,0.08699950568462679,0.01537838931606637,0.08699950568462679,20260220_140142,176.0
2.5,-0.6,2659.0,22.0,-0.05659478542058283,0.013647142344221708,-0.09747405807709919,2.598674493571324,-0.09045421820346411,0.020207868518953287,-0.09398269524196157,0.09646856158484066,0.016093635698610095,0.09646856158484066,20260220_140310,112.0
2.5,-0.6,2861.0,26.0,-0.06453805637504884,0.01574683780230457,0.14734598839272622,2.5013742111789683,-0.08405940441146331,0.02305516488315995,0.15323924922290347,0.10308236483072258,0.012903225806451613,0.10308236483072258,20260220_140430,204.0
2.5,-0.6,2321.0,14.0,-0.06818715653162716,-0.15599850501768153,0.349396440193931,2.2588654644228345,-0.33668997566255626,-0.11447280881899394,0.39566540383974635,0.0011487650775416428,0.011391375101708706,0.0011487650775416428,20260220_140551,2.0
2.5,-0.6,2565.0,24.0,-0.074048702002873,0.006903353068925311,0.02494714427596137,2.2390040625248813,-0.0645643014557663,0.02309630598860124,0.010678732738524557,0.09844908968307485,0.016271186440677966,0.09844908968307485,20260220_140712,146.0
2.5,-0.6,2227.0,28.0,-0.10295879247001516,0.029239966850179155,-0.09073593471502008,2.294146066683063,-0.09667889654751516,0.03477840974019836,-0.06504022982095153,0.10430009149130832,0.017937219730941704,0.10430009149130832,20260220_155300,118.0
2.5,-0.6,2593.0,36.0,-0.07508022030068906,0.036058301533053116,0.28210249309777113,2.66652877139491,-0.08955649733131804,0.03128438172315334,0.28958288605374816,0.04349796103307658,0.022591362126245847,0.04349796103307658,20260220_155436,96.0
2.5,-0.6,2307.0,48.0,-0.07978576211637872,0.018168186185606006,0.1567942692566728,2.481035312652268,-0.095846189306458,0.03550922799575873,0.17142260776648796,0.07979002624671916,0.021592442645074223,0.07979002624671916,20260220_155557,152.0
2.5,-0.6,2577.0,12.0,-0.04399917662563246,-0.11469506709278399,-0.09777971430531181,2.3007637959652087,-0.04673328719212083,-0.09385401002937269,-0.09323057000716185,0.0016849199663016006,0.00724200362100181,0.0016849199663016006,20260220_155722,2.0
2.5,-0.6,2327.0,24.0,-0.0762990908425134,0.042254737833816725,0.039384810279978005,2.269993354580813,-0.07248481804152107,0.032952383574854305,0.02733280843355601,0.1057759220598469,0.014379868184541641,0.1057759220598469,20260220_155848,162.0
2.5,-0.6,2331.0,36.0,-0.07867432301519728,0.027900717107620987,0.10543248952638976,1.9508323473062128,-0.08369648253891748,0.028658189628257502,0.07565956013880051,0.12322580645161291,0.022099447513812154,0.12322580645161291,20260220_160017,191.0
2.5,-0.6,2416.0,49.0,-0.10039372101612906,0.045248300384613804,0.3202947223809053,2.528328233285148,-0.08729893574411934,0.04798683351970362,0.29216189333367637,0.030289123451124368,0.020281456953642384,0.030289123451124368,20260220_160148,66.0
2.5,-0.6,2765.0,38.0,-0.06602943248278359,0.01656628819850342,0.009978186635117209,2.9463380874582312,-0.061051328749291756,0.02139870482635642,0.020651350073572813,0.08980115458627325,0.02674173117522871,0.08980115458627325,20260220_160311,140.0
2.5,-0.6,2625.0,30.0,-0.0673390717882813,0.04045691340938257,0.09443228054290087,2.571253940488966,-0.06794873974091448,0.027920501985300883,0.09952964335108744,0.09426462237365134,0.017035775127768313,0.09426462237365134,20260220_160434,166.0
2.5,-0.62,2509.0,16.0,0.14289533847523184,0.054727644719461455,-0.09658471945470437,-0.09400926567439004,-0.23605845289945449,-0.10271723423777546,-0.024260312105246082,0.001784121320249777,0.011935208866155157,0.001784121320249777,20260220_160555,2.0
2.5,-0.62,2575.0,32.0,-0.04979691958294963,0.04796653650349786,0.05825122206449074,1.7479771722247561,-0.08036136136414385,0.02003526714061321,0.0702084821399781,0.10194500335345406,0.017532874139010644,0.10194500335345406,20260220_160716,152.0
2.5,-0.62,2393.0,18.0,-0.3338533144628227,0.09346130774687439,0.34443375051495717,1.1753848464696146,-0.32703489743050945,0.07973182980404386,0.35667846116894775,0.0012217470983506415,0.01049317943336831,0.0012217470983506415,20260220_160849,2.0
2.5,-0.62,2611.0,38.0,-0.10629002983007851,0.03541289628829841,0.24989363220363178,2.9565763793168736,-0.09172160085194359,0.04063179254353544,0.2178629603853516,0.05804749340369393,0.01609487505294367,0.05804749340369393,20260220_161010,110.0
2.5,-0.62,2527.0,10.0,0.04887566100087043,0.04657785697365435,-0.04159811683352308,4.005620251677522,0.05680345290062194,0.0425582282557998,-0.05264216884809065,0.0013080444735120995,0.009163802978235968,0.0013080444735120995,20260220_161130,2.0
2.5,-0.62,2529.0,38.0,-0.10996318603721464,0.004834305059065069,0.303213131123924,3.296869359936805,-0.10676411511613912,0.028998211151026798,0.2943221994167281,0.035594035594035595,0.01652892561983471,0.035594035594035595,20260220_161251,74.0
2.5,-0.62,2235.0,28.0,-0.0856852996711141,0.04208861118170376,0.19380124188555306,2.835283043292402,-0.08586159075153549,0.027688886361276033,0.19048195614794458,0.07391537225495447,0.015126958400864398,0.07391537225495447,20260220_161417,138.0
2.5,-0.62,2819.0,12.0,0.04166278402138279,-0.012696803669626222,0.39935209724268605,2.6587528258398447,-0.11545944460738819,-0.050070672698427354,0.31111967538709906,0.000974184120798831,0.0071111111111111115,0.000974184120798831,20260220_161543,2.0
2.5,-0.62,2395.0,32.0,-0.08147970873411131,0.02351244252070983,0.03257063161471052,1.9765212487486519,-0.07380782490915949,0.025413338985503353,0.04590988454253314,0.09950248756218906,0.022743425728500355,0.09950248756218906,20260220_161704,140.0
2.5,-0.64,2543.0,10.0,-0.15485717275043862,-0.13884361597007602,-0.01636513297647106,3.5629059992978234,-0.1735217533222271,-0.14409901017499738,0.001009137379412925,0.001728608470181504,0.010050251256281407,0.001728608470181504,20260220_161843,2.0
2.5,-0.64,2671.0,24.0,-0.07320085598571913,0.03984183264024577,0.0461683780279839,2.9395155870101917,-0.0630544054164156,0.016928853510945308,0.048843436635950144,0.07373271889400922,0.015799868334430547,0.07373271889400922,20260220_162006,112.0
2.5,-0.64,2323.0,12.0,-0.12156468216540256,0.13157434502655596,0.06665137230996582,2.0043895088537678,-0.13098363651249872,0.12652913171017477,0.08339411677408298,0.0018198362147406734,0.009033423667570008,0.0018198362147406734,20260220_162127,2.0
2.5,-0.64,2573.0,34.0,-0.0740043762471918,0.008776212010028095,-0.01864490678961607,2.9184881523070083,-0.06314375218482698,0.028394833153585652,-0.0024475826626935565,0.08397480755773268,0.023622047244094488,0.08397480755773268,20260220_162303,120.0
2.5,-0.64,2667.0,20.0,-0.04419109655160297,0.03512668598236929,0.3568112928990532,2.638407596046479,-0.037028157991297106,0.042357996420138044,0.37012537368941867,0.0015521924718665113,0.008398320335932814,0.0015521924718665113,20260220_162432,4.0
2.5,-0.64,2359.0,24.0,-0.08821675245443977,0.02177370772852605,0.2391251918746987,2.72863943910092,-0.0933047219432453,0.029759076307865617,0.22681508761694877,0.05612594113620808,0.013175230566534914,0.05612594113620808,20260220_162552,82.0
